id,age,gender,ethnicity
1gfQfiHyKmaKfNP8c7GqGTkXL3tXoENpf,40,feminine,asian
1gfQfiHyKmaKfNP8c7GqGTkXL3tXoENpf,27,feminine,black or african american
1XTfV8RIdUadHXocVWYgtZZD_NasfSzBP,39,masculine,asian
1o9Ymu4TMOb-qQDJN5ie7CZLcdMx7KBV1,40,masculine,asian
1Tm4pmD4pZNcYFxI14hdGyFGJAqx09BKn,27,feminine,asian
1Tm4pmD4pZNcYFxI14hdGyFGJAqx09BKn,39,feminine,black or african american
1Otgnd51WwP_TfLeHr5uy8PHQwvoL7oiV,36,feminine,"hispanic, latino, or spanish origin"
16jD0EChlyDhrcoVWXz-xdeXKFtC8TPxh,28,feminine,white
1sDDt6tVT6zbt9banlMK-9c_WUuGKCTLp,36,feminine,white
1dOfndMMIJy0DaBsctC72IxKZpNwlGUqm,94,feminine,white
1nSaAXnmTDZxTAnLpv6v1_m569iZIt75-,52,masculine,white
1nSaAXnmTDZxTAnLpv6v1_m569iZIt75-,66,feminine,white
1wnYDbuu_0z0nyKtC_apdw3-BJaLnsqv4,60,feminine,asian
13xsVyQCqAz5Kvo-ybBPn0lL_C3TOLPkv,39,feminine,white
1szsdTsYHOb3dt9OfZhKGWvKhsL2lF9oI,39,feminine,asian
1_XFZ6LXHb4Ol3Vr437CN_ofkqctpftaC,14,feminine,asian
1eFT0j606EuESY6w_FV-t65hMIJ-fspiy,39,feminine,black or african american
1-OdBHxayrXgHRYIpbq-XRb_dfnjFlsdd,39,feminine,black or african american
1SBgLyD7tmFJJOnDw5QF8QZtkYnhbb13r,47,feminine,white
1wDwp_TTY5kIdPoP3eFsyvuG9fzmxomhV,55,masculine,asian
14OY4_WZpurU1UQ-wTBy5kACvVk-i07d8,27,feminine,white
1VtPdiQ5svwMHl3-_xirZ1YQQpYBBoU2g,39,feminine,white
1T_Weh6UgKedSDWAozpq2WDIIwnQed9RJ,39,masculine,white
1V-uepdMiQIrvSj7FQWQthIfqy2jm9dMj,39,feminine,"hispanic, latino, or spanish origin"
1eCScxLc3TgmmJwnaFnkMqF1E0KfX64DU,39,feminine,asian
1D-WLJIXF2lJGowICSrOycFam3Ag8Kw4u,39,feminine,asian
1PquuHHW1WoJztqOAO9AxvMHzYkHG48sM,39,feminine,"hispanic, latino, or spanish origin"
1uFY6B3L639hb4JySZlmd5ZW-taz4twQl,23,masculine,"hispanic, latino, or spanish origin"
1cW8rsz25qEnmqgZyvOOPB1nfVWRAhpEP,39,feminine,asian
1D2Ylzcw0FY9lXY87TTFAhgLu6uoJNWCb,55,feminine,white
1Q_l-iSErQzr57KA7pYZs0_Q6lX7vNp17,23,feminine,white
1Q_l-iSErQzr57KA7pYZs0_Q6lX7vNp17,48,masculine,white
1FpzHZfCM6hpZGFRSMRce2NTx7wiFFHVS,57,feminine,white
1FpzHZfCM6hpZGFRSMRce2NTx7wiFFHVS,39,feminine,asian
1FpzHZfCM6hpZGFRSMRce2NTx7wiFFHVS,39,feminine,"hispanic, latino, or spanish origin"
10z9atBmWBathaEIC6kM5Y4v5tLg1OKJF,46,masculine,white
1VGMUV-QAJ9KCuVLr5t_4BWnFMD4r2W-0,45,feminine,asian
1VGMUV-QAJ9KCuVLr5t_4BWnFMD4r2W-0,50,feminine,"hispanic, latino, or spanish origin"
1miJ9d_J6d33-7CcjKYEjz6OB9l239FOc,34,feminine,asian
1jFfoO4LuMyJDmMwwz8Ub5eoXH3S7LEHD,51,masculine,middle eastern or north african
1LyhTFR8oa43G6kYJW2YzCp09oCTCj3A-,36,feminine,asian
1LyhTFR8oa43G6kYJW2YzCp09oCTCj3A-,55,masculine,white
1BI4L8dQwdzyEt45DtVbyPygqZ6Tqiqab,44,feminine,white
1whotnXokmOEX4kBGEgrh9TcfiT8bfknZ,27,feminine,white
1fgFXVZdqamtRoll25mW2TE3zoWtkPlAd,36,feminine,"hispanic, latino, or spanish origin"
120hfqVwiMxjN-8nZpLx63e9rC7CHS7Ya,45,masculine,asian
1UeHnWSQmWND74MnYdhpQfLsUZKzc932S,39,feminine,"hispanic, latino, or spanish origin"
1WM6qQgc7XcZQ3Y9bEmYZEOhpCzFSzAQB,23,feminine,"hispanic, latino, or spanish origin"
1IKzO4_4j1LkughqOWHtk7sbA1kcgerKt,55,feminine,white
1IKzO4_4j1LkughqOWHtk7sbA1kcgerKt,36,masculine,white
1IKzO4_4j1LkughqOWHtk7sbA1kcgerKt,39,feminine,white
1t_8UDzcPSL3vNQ9YM5CwHlX-ZGS-oK2P,27,masculine,asian
18hp4P1qh29LpLn2TiBUmexq5izqqx5tg,45,masculine,asian
1NSEWhIIOE-qz4RW7Sp5P0eQXWkqV9mbv,39,feminine,asian
1NSEWhIIOE-qz4RW7Sp5P0eQXWkqV9mbv,37,feminine,asian
16HcUji1w-EDeAtPM-qJ65ZEMy9X-RTZW,36,feminine,middle eastern or north african
1YP_ljSKO1otqIYuznK0tZowWtyNalHjv,39,masculine,asian
1zzg7-AbRzgADQv1CDk8lc73uNFPUq-dO,39,feminine,"hispanic, latino, or spanish origin"
1cn6r0oknq3Vpipk5osFCOIltbtp8K_6Z,37,masculine,white
16FtTE4l5N818yt6RBFEOogS1Qb9k_lok,39,feminine,white
1Kku85Y02G02OFeENCW0ISYp48wKP8WtS,23,feminine,black or african american
1jqGv3zA16_yK8cUfJv26u_gn-3Stb_NI,70,masculine,white
1g-Gg0AoAO51Djm9VF7RTm-36OQo5mbQB,28,feminine,white
1kZZw457k0mFB5YyURNtUGTzFb4P4dirI,33,masculine,asian
1KSBsZ4LWLCULKYDM9uERgJifd5QrFcI_,45,feminine,white
1xWio_v9HCxKJ1MHSPL6IhDBenK9Eu3IT,23,feminine,white
1gX9SsNbAgJGFTOKRANgWgCq_86P9ZAvx,36,feminine,asian
1SuYI_uEHKRiOUhLCn_Rmu5kqjy27YZoJ,44,feminine,asian
1YFai8ywfkOJOftyc4dt95Ia7FrSxEsn-,39,masculine,black or african american
1kaNqEHoCgwnYEKHj3miAu_QEgrQ8f9sy,23,feminine,asian
1pN6DvyqKFPHi-Zj3GNYmakl9CxhbwCNK,23,feminine,white
1GY_T961K8LR8jD_9x_UuhwAITdCFJyEM,17,feminine,white
1gmYzo9oz-GuEwnCcQ2BzYAtu4j4iyIBU,24,feminine,white
1AnfbvruKxZd0TwmxYP1r7JvEr-M0kLv7,39,masculine,"hispanic, latino, or spanish origin"
1egayKplKvkI4OYJIl8Sv3DgVTSrXKIGg,39,feminine,"hispanic, latino, or spanish origin"
1Cj5FQ73L2P0LD-HzMVojs7mJYFC7QAvm,36,feminine,asian
1LnwOhC6mKkolat89nsB1GLbobX8EvSVR,39,masculine,black or african american
1gv_6d5BnGlDX732o6iYKY_zBJKMPUPBl,40,feminine,asian
1gv_6d5BnGlDX732o6iYKY_zBJKMPUPBl,27,feminine,black or african american
1LENO4TzEpVypKU2NTw88Aa2-zaxfg1Bn,38,feminine,white
1TuDwqv4idRI0KOvbSo4MhnjxQ7Wf8Heg,23,feminine,"hispanic, latino, or spanish origin"
1G_dVNCzfdbg8rqesdx0UEaJ_TMVvAdZE,24,feminine,"hispanic, latino, or spanish origin"
