,user_id,state,review_count
0,l6BmjZMeQD3rDxWUbiAiow,OH,2
0,4XChL029mKr5hydo79Ljxg,AZ,12
0,bc8C_eETBWL0olvFSJJd0w,NV,14
0,dD0gZpBctWGdWo9WlGuhlA,NV,1
0,MM4RJAeH6yuaN8oZDSt0RA,AZ,4
1,MM4RJAeH6yuaN8oZDSt0RA,WI,1
0,TEtzbpgA2BFBrC0y0sCbfw,NV,11
0,KGuqerdeNhxzXZEyBaqqSw,NV,5
0,T0gWkTHWRChVUe_Dn1F8nw,NV,6
0,NQffx45eJaeqhFcMadKUQA,NV,69
1,NQffx45eJaeqhFcMadKUQA,TX,1
0,gvXtMj3XuPr0xHjgmlmtng,ON,6
0,_DaFdmq0gtXf1spn1qC_1Q,AZ,55
0,FTWKZZeLb_0ZJRXQg8WADw,NV,3
0,US0VOSMFs9U0Nkl5Vx1EzA,PA,5
0,fktnDzpjYBUG5a-w_xq01A,NV,2
0,iPJAN6rJHv92WE2h9b3lAA,NV,6
0,AWCY8laHjH0-3HMT0LGpUA,OH,1
1,AWCY8laHjH0-3HMT0LGpUA,PA,4
0,CXi7I5J-ItLGJNyKPkI5gA,NV,5
0,3TJcP0stfxjWGsLuGQgQdg,NV,1
0,hQ98T_hy1CoSWw55zA49VQ,NC,17
0,zzpgpo54-_P-4rzzBtOuLQ,NV,4
0,pU6GoRTcl1rIOi6zMynjog,AZ,5
1,pU6GoRTcl1rIOi6zMynjog,NV,35
2,pU6GoRTcl1rIOi6zMynjog,ON,9
0,Ps_zkoSnuv2Gy-QIt0jEJg,NC,4
1,Ps_zkoSnuv2Gy-QIt0jEJg,NV,4
0,_ICqwy7SW8J6OJBab1HkwA,NV,1
1,_ICqwy7SW8J6OJBab1HkwA,ON,9
0,J9HamWsxKorlPGUAXy-M9Q,AZ,2
1,J9HamWsxKorlPGUAXy-M9Q,NV,16
0,t8Whyn2ZWS34TxHsr2mpbg,NV,2
0,nRagjGVuSALgQ4KfGLn8Ig,AZ,2
0,djQLJTLA4Tx7TpzYCKIqJQ,NC,3
0,xxhjX14h8cQyKSuTQFy1Lg,NV,7
0,a643pisN3QSjofk1Jmlo_Q,AZ,2
0,DvIlmSleoauEoR3fY0Kf5w,AZ,1
1,DvIlmSleoauEoR3fY0Kf5w,NV,4
0,t-nB38eHbeFuabXBdJMwvg,AZ,2
1,t-nB38eHbeFuabXBdJMwvg,OH,6
0,3gniF5P3L_WcoR8zx7wXxA,AZ,1
0,ICwMfseYkrB0ZEK8tDUOHw,AZ,6
1,ICwMfseYkrB0ZEK8tDUOHw,WI,12
0,eSlOI3GhroEtcbaD_nFXJQ,AZ,13
1,eSlOI3GhroEtcbaD_nFXJQ,NC,2
2,eSlOI3GhroEtcbaD_nFXJQ,NV,11
0,27wlLX7e52vVEvNA4Ksccw,NV,1
1,27wlLX7e52vVEvNA4Ksccw,PA,10
2,27wlLX7e52vVEvNA4Ksccw,WI,2
0,QiDtS54JwTGeH81c-a84WQ,NV,15
0,rnU1EFMSnVJGrQxrnjaODg,AZ,5
1,rnU1EFMSnVJGrQxrnjaODg,NV,21
2,rnU1EFMSnVJGrQxrnjaODg,ON,1
3,rnU1EFMSnVJGrQxrnjaODg,WI,1
0,AsYMm_O4H-mwmWbmeACDHw,NV,9
1,AsYMm_O4H-mwmWbmeACDHw,ON,65
0,tj_j9-8YwYZ7ohOsQD5H_w,NV,6
0,NmC_ZemjAQ6TvzgeaAuTmA,NC,55
1,NmC_ZemjAQ6TvzgeaAuTmA,SC,1
0,NcUMNz6tAahD6mDmuKwYIA,NV,38
0,gvKlBHFA6VXb9AksWcPMjw,NV,47
1,gvKlBHFA6VXb9AksWcPMjw,TX,1
0,WnwpWcNcJhHi39gdIUfJuQ,AZ,29
1,WnwpWcNcJhHi39gdIUfJuQ,NV,2
0,2Bcq1i1ndSyvYDS8Zn2Oew,AZ,3
1,2Bcq1i1ndSyvYDS8Zn2Oew,NV,3
0,gTAMqkDSj8z84XN8YvsSJg,NC,1
1,gTAMqkDSj8z84XN8YvsSJg,SC,2
0,d7D4dYzF6THtOx9imf-wPw,AZ,2
1,d7D4dYzF6THtOx9imf-wPw,IL,4
2,d7D4dYzF6THtOx9imf-wPw,NV,1
3,d7D4dYzF6THtOx9imf-wPw,OH,3
4,d7D4dYzF6THtOx9imf-wPw,ON,4
0,aQCbHG-3LG6GPLLsf984Rw,NV,14
1,aQCbHG-3LG6GPLLsf984Rw,TX,1
0,1a36KbE7XH31Uo4fkmdkqQ,NV,10
0,tAgzrWAxZivvK8-KqPzNCg,ON,2
0,DFL9Xl-tS1MH4ZAPchYmjA,NV,9
0,jx-BchSqX2PlnMflR62Urw,NV,4
1,jx-BchSqX2PlnMflR62Urw,QC,3
0,7wFpWiJMxePaaGiL_c-_IQ,NV,15
0,_HyT6uRsg8PbCd7nuJA0fA,NV,6
0,i3dgAM1hWY9UdUCNMDnLXQ,NV,54
0,uF5V6WYHa38TJU9LFQyjFQ,AZ,41
0,Z_ZkQgFtL2skSyZ9_9NUaQ,AZ,6
0,bURBDO2lgSrxnth2P7v3Gw,NV,16
0,o4XHXgKL_UW9g5BV3WZZpA,NV,3
1,o4XHXgKL_UW9g5BV3WZZpA,ON,1
0,C5pmvrZVeD9jEVWBiyIwzQ,AZ,1
0,A7wZ9ajdlhbMeGIGAlUIbQ,AZ,22
0,wud3mpvvW5yoSB_ZjS-Oig,NV,4
0,e67TGUfNnz04A1Ahd0tF2A,NC,19
0,4TCOItk-gIJROyNA5ftZ-Q,NC,2
1,4TCOItk-gIJROyNA5ftZ-Q,QC,9
0,bZURgbxLW7VHiqk45cafLA,AZ,5
0,jNCv2b6bTP-J-cA_ESbW2w,NV,1
0,6CVEGPmmgCH4PDGUbeBpKw,NV,8
0,6e9rJKQC3n0RSKyHLViL-Q,NV,1
1,6e9rJKQC3n0RSKyHLViL-Q,ON,1
0,wQ0lKC5BMg3ZvCco8FI1EQ,NV,2
1,wQ0lKC5BMg3ZvCco8FI1EQ,ON,1
0,ryf4jg4g3xweyIjkGOY3vg,NV,13
0,i7dva-DqwjyAtLVc2idhNA,QC,36
0,U4INQZOPSUaj8hMjLlZ3KA,AB,19
1,U4INQZOPSUaj8hMjLlZ3KA,AZ,105
2,U4INQZOPSUaj8hMjLlZ3KA,NV,856
3,U4INQZOPSUaj8hMjLlZ3KA,OH,24
4,U4INQZOPSUaj8hMjLlZ3KA,ON,17
5,U4INQZOPSUaj8hMjLlZ3KA,PA,10
6,U4INQZOPSUaj8hMjLlZ3KA,QC,16
7,U4INQZOPSUaj8hMjLlZ3KA,WI,10
0,W1AFbtC37Q1RzdrKS51NmQ,NV,166
0,-oHBgKNC6xGHIGdoZW3ReQ,AZ,19
0,eBfQ8ABqB7PJ1yl8d6Ll3w,NC,8
1,eBfQ8ABqB7PJ1yl8d6Ll3w,NV,2
0,88lh7M1G24zM_ALekJ8mzQ,NV,5
0,KUmin6YNvQZVdrhVED7GAQ,NV,15
0,B4GZ3kX1TpxJUCkpPqYqng,ON,16
1,B4GZ3kX1TpxJUCkpPqYqng,QC,4
0,on3cA28Qu-Eh50IuS2iq6w,NV,5
0,XkLK2iBsgqF6mWwDfRgqqQ,NV,7
1,XkLK2iBsgqF6mWwDfRgqqQ,ON,2
0,0shsnwv_bUseoK0AMAlRRw,NV,12
0,SaWQOZm3N43fkJh82glIMQ,NV,1
0,vGDII1284LVonpfLUN6nTA,AZ,4
0,Ar3bat-NGasrXDiS7WF8OA,NV,45
0,LRWg8McG8i9iCY4SOmpa-Q,AZ,1
0,t-CgepilG9t8fpHBdt284w,AZ,1
0,fmPko8NeSgKpb5YwhLJ_gg,NV,12
0,0caEeLnTD7qENhy4wmUFXg,AZ,9
1,0caEeLnTD7qENhy4wmUFXg,NV,6
0,E0TsnBuNAOSnXKiLe18l1A,NV,1
0,SNQcE_Bc0QAbxFu5F1dTzw,AZ,74
1,SNQcE_Bc0QAbxFu5F1dTzw,NV,4
0,KRAGCgnAC0Lmw9YaVSqY7w,AZ,1
0,Fw4UjJ6yBeyPB27Y4wwEUQ,NV,13
0,jVvKhFgCTW0PgkMbiCkp3A,AZ,13
0,4i4lyXBigT2HShIjw7TbDw,NV,1
0,B2CkkEX341HLK3zbn3qcgQ,NV,1
0,fRJpK_b0rrjpBgRZjvfvgA,NV,15
0,ethmTQIejtNt715NYme53g,NV,2
0,xZAmw5gihOVO4duMN2Ju6Q,AZ,40
1,xZAmw5gihOVO4duMN2Ju6Q,NV,6
0,QFrfQw7FH96Vk6PFxxTLcA,AZ,41
1,QFrfQw7FH96Vk6PFxxTLcA,NV,2
2,QFrfQw7FH96Vk6PFxxTLcA,WI,4
0,NNgQ8fV5ARQgHw-Ob7l50A,NC,2
1,NNgQ8fV5ARQgHw-Ob7l50A,NV,27
2,NNgQ8fV5ARQgHw-Ob7l50A,PA,4
0,i_EASSNcEqc1JrfdBjBeVw,NC,36
1,i_EASSNcEqc1JrfdBjBeVw,SC,3
0,lConjPFTZqz4zWELK_EJtw,AZ,6
1,lConjPFTZqz4zWELK_EJtw,NV,20
0,Hl06-Y6fqMRvfbBJ6qmDOA,PA,24
0,GYMIDghm2k7gSTpyKNid1Q,NV,5
1,GYMIDghm2k7gSTpyKNid1Q,ON,1
0,nhtRcOjuycPLDhXXb2MVRA,NV,2
0,F78tJHr0qW6FsYBtWMmLpA,AZ,93
1,F78tJHr0qW6FsYBtWMmLpA,NV,3
0,updNAUcQkI9wm2yNoRNubQ,NV,6
0,Xj0O2l0bp633ebmG468aZw,AZ,16
1,Xj0O2l0bp633ebmG468aZw,NC,1
2,Xj0O2l0bp633ebmG468aZw,NV,32
0,TUE3NJYN4i7xyGVSIXMLvw,AZ,5
0,FDw1j4PYezkEkddd1phDmg,ON,6
0,w3izOrjKX12NYJAdexrOsg,NV,30
0,g11pINYljdiVORUO7RrrCQ,NV,4
0,brmbal-AJr5L27KrlbQgAQ,NV,1
0,iuKdlVt549hc2Kd9_tYepg,NV,7
0,K5CPsHcpLD68PPzkE7nF9w,AZ,17
1,K5CPsHcpLD68PPzkE7nF9w,NV,1
0,QTeq4wLhXlN4Dr0obpLnbQ,AZ,1
1,QTeq4wLhXlN4Dr0obpLnbQ,NV,30
0,kCVPl2RumlSgSDx9PMfXDA,AZ,102
1,kCVPl2RumlSgSDx9PMfXDA,NV,2
0,--AujbGl6SYRaY8SFVNHXA,NV,2
0,HMIHCfW-2E4av8vmqM_UUg,AZ,6
1,HMIHCfW-2E4av8vmqM_UUg,QC,5
0,Vs-fFQcrtPITzzkmnIaiBg,AZ,14
0,JE_HzclJaZ0TDWe3H7xrXQ,AZ,1
0,WaFTs38t1srzwc9ay3UPHg,AZ,4
1,WaFTs38t1srzwc9ay3UPHg,PA,1
0,C4SYuh95-rlwCnCu0ZOD3w,AZ,2
1,C4SYuh95-rlwCnCu0ZOD3w,NV,1
0,wHtx8iF8FZNPaUWycSYtXQ,NV,6
0,b109TYwaSVckKYq2tO970Q,NC,8
1,b109TYwaSVckKYq2tO970Q,NV,1
0,g1tPhTPyHzsVGeOZZuTsyQ,NV,2
0,yK_WOwDLP8c87hNXVWZBhg,AZ,2
1,yK_WOwDLP8c87hNXVWZBhg,NV,2
0,T8LqkYbwMPZmvXSsUfN8sQ,AZ,192
1,T8LqkYbwMPZmvXSsUfN8sQ,NV,2
0,yH3Jyu5vRTAJ8uMAD2bLGQ,AZ,132
1,yH3Jyu5vRTAJ8uMAD2bLGQ,NV,28
0,7Uzi_1wXyNAwM5790xilZg,NV,2
0,IDuBHrBIU2U_n9YGtZze5A,AZ,15
0,N7j53CF73YsOTeGJXUR1AQ,AZ,6
0,AFKRid_wmgxyCKpnX4G30Q,AZ,1
0,WWWujmZ95y0a2RR5_kQ9sw,AZ,1
1,WWWujmZ95y0a2RR5_kQ9sw,NC,11
2,WWWujmZ95y0a2RR5_kQ9sw,NV,12
0,5fX9IC0SYx6oivxms2yKfQ,NV,6
0,HYQoxBC1y1DGPq6pGP09Tw,AZ,5
1,HYQoxBC1y1DGPq6pGP09Tw,NV,25
0,vRjVhl3ONG2GfWY4NXJZbQ,NV,45
0,P4XUvN_8alI6dpTC_3LMkg,NV,33
0,NO5e0WtLAOYcjheLU6OEVg,NV,20
0,wGGdj_gh-wwejcYmjf_tbw,NV,12
1,wGGdj_gh-wwejcYmjf_tbw,OH,2
0,G4_EBpy_r83IokelrewT0g,NV,1
0,X5zUOODS4WaBUcz4HJGm9g,NC,1
1,X5zUOODS4WaBUcz4HJGm9g,OH,1
0,qpZ1_hkpjI91HLHWFO1x4A,OH,17
0,qSymKMc9KMMR1_XkM6JA1g,NV,22
0,vsEKggF72NhkWeFIgGxnaA,NV,12
0,kSXl89kfPCKtcWGj0Oi0uA,IL,51
0,TlL6mB9iPefKcc12Kbz9kg,NV,2
1,TlL6mB9iPefKcc12Kbz9kg,ON,1
0,qK4VPfpK04tFkvjsgEIxmA,NV,1
0,TXnuPEDSNwIPSSndL2uiKw,AZ,1
0,HbyHhB6WOSQjU-JYwED9Ww,NV,5
0,vfPUBDkKsWBb2YOKXG8r5w,PA,31
0,8v9UonJR7qQPsPMJ-QsTAg,NV,2
0,gRtIqKlpP_YNp45x-MmeQQ,AZ,10
1,gRtIqKlpP_YNp45x-MmeQQ,NV,10
0,DpuA3gpVnQWiiZsNQ8aFKw,NC,1
1,DpuA3gpVnQWiiZsNQ8aFKw,NV,5
0,ryPjpbhGIQWnKGeF3QwUSA,NV,1
0,gBAqErHqPKKT6V1sOFZk0Q,AZ,9
1,gBAqErHqPKKT6V1sOFZk0Q,NV,2
0,pN38qLn5hEKQ77IyjytN-g,AZ,1
0,a-WWz_-O2IPXeSrEcl6FpQ,OH,5
1,a-WWz_-O2IPXeSrEcl6FpQ,PA,1
0,7PgSNXkuu8tosILS2OqCOA,AZ,17
0,kXdq_tyzV1RbgsjRLyy_yA,AZ,2
1,kXdq_tyzV1RbgsjRLyy_yA,NC,8
2,kXdq_tyzV1RbgsjRLyy_yA,NV,7
3,kXdq_tyzV1RbgsjRLyy_yA,SC,6
0,L9ZJpCQgXzfNXiJI9ahyZw,AZ,2
1,L9ZJpCQgXzfNXiJI9ahyZw,NC,1
2,L9ZJpCQgXzfNXiJI9ahyZw,OH,59
3,L9ZJpCQgXzfNXiJI9ahyZw,PA,17
4,L9ZJpCQgXzfNXiJI9ahyZw,SC,1
0,kYzcmzwXRLkPgfnX5EMK3Q,NV,8
0,jX7n6KfNZ22kBh6AHhxRbA,NV,117
0,l1jYrj9DvTe4t92kGEH3BQ,NV,10
0,HmhGrCun9i6ICf_5C9Xwbg,WI,1
0,15uqIhi9UdlYJTW3OiZrPQ,ON,1
0,cn-RDjSKQ5xR8HL_8tYXyw,AZ,13
1,cn-RDjSKQ5xR8HL_8tYXyw,NV,1
0,LNPyE5X1K5B_flcTCH9StQ,AZ,3
1,LNPyE5X1K5B_flcTCH9StQ,NV,211
0,Rzb1Xz2W6ruoLrDz6uZC9g,AZ,30
0,EabxeG8lOVaWHrRJYHDrIA,AZ,79
0,vlITGEDCNwuFj47QZGgY2w,NV,3
0,z0_DSeiCJgTkyMFiW4d9Rw,NV,14
0,1kr9EZFV3T_l-8KBkfPo5Q,NV,27
1,1kr9EZFV3T_l-8KBkfPo5Q,QC,12
0,0cyp4yH4XUkOKcQuP3_G7A,AZ,1
1,0cyp4yH4XUkOKcQuP3_G7A,NV,20
0,c7fb0XUAQvd7DJJ6ok5spQ,NV,14
0,DC3dWmmiExUeil94ns4TDg,NV,9
1,DC3dWmmiExUeil94ns4TDg,ON,1
0,UH6RCH9K1o2VW3CU8PY5iQ,NV,18
1,UH6RCH9K1o2VW3CU8PY5iQ,QC,7
0,Xnt8YuIWXECp8brKKEhM5g,NV,2
1,Xnt8YuIWXECp8brKKEhM5g,OH,12
0,foCj2hDfH84WGwglfAbDVA,ON,79
0,7LdYeJSFBBTcWGkW-BcWFg,AZ,1
1,7LdYeJSFBBTcWGkW-BcWFg,ON,2
0,5-LXxNNX8hH0Qk16BlPU3A,NV,39
1,5-LXxNNX8hH0Qk16BlPU3A,OH,6
0,rqb5abV146wcU-Z7JxfEIQ,NV,68
0,UqkrP5O2ToeXRcYbp7okIA,AZ,2
1,UqkrP5O2ToeXRcYbp7okIA,NV,5
0,fIfKT5J7OWnr_sNP7VKkAw,NV,3
0,5G1LLdZNxwswR1TjMfiMig,QC,27
0,9_VZZoTJUGwHhneNYXT1Fw,AZ,67
1,9_VZZoTJUGwHhneNYXT1Fw,NV,1
0,NJqmAzerpbAIC0-VBclwgA,NC,2
1,NJqmAzerpbAIC0-VBclwgA,NV,3
2,NJqmAzerpbAIC0-VBclwgA,OH,133
3,NJqmAzerpbAIC0-VBclwgA,PA,3
4,NJqmAzerpbAIC0-VBclwgA,WI,3
0,ryuGEHOwVP3wYVmnHaeQtg,NC,2
1,ryuGEHOwVP3wYVmnHaeQtg,NV,16
0,bQpon7hzGFydBGmxm6hsQA,NV,1
0,CIZGlEw-Bp0rmkP8M6yQ9Q,NC,1
1,CIZGlEw-Bp0rmkP8M6yQ9Q,NV,10
0,pUQdU4MlkB46jIdYs9oMUA,NV,162
0,DVuPJHEeQTmmInnGlnDQMg,NV,4
0,Im_pTCVCm-xCvvim1JtdPg,AZ,4
1,Im_pTCVCm-xCvvim1JtdPg,NC,3
2,Im_pTCVCm-xCvvim1JtdPg,NV,15
0,2t5m3yLHwx-ZkeFrK9NDCQ,AZ,1
0,wqBVoGwDmvrmUK5FvUMjtg,NV,1
0,rPRy7N3WCD3sVCrF60OOnA,NV,169
0,Gr-MqCunME2K_KmsAwjpTA,NV,42
0,y0eMLg02lCzxu6q6Cacw7Q,AZ,32
1,y0eMLg02lCzxu6q6Cacw7Q,NV,2
0,nYGpgrhX7TfyDWI5SNkZJw,NV,1
0,DZOYd1itp3HOI9Xbg8hzDA,NV,1
0,phjqOFLdBKyk5xpCLdVqLg,NV,1
0,hrHy0S30UgjPy-dj1J4WNA,AZ,54
1,hrHy0S30UgjPy-dj1J4WNA,NV,2
0,AYQGK2AZkIPkrqgAb72Qkg,NV,14
0,RCXX__k3R2Zf1kzmTpopWA,ON,6
1,RCXX__k3R2Zf1kzmTpopWA,WI,1
0,iyhqoE49PTX2VNITzpDw6w,AZ,1
1,iyhqoE49PTX2VNITzpDw6w,NV,66
0,CoS9VbTzh74Hh7FSlAKKVA,ON,3
1,CoS9VbTzh74Hh7FSlAKKVA,PA,1
2,CoS9VbTzh74Hh7FSlAKKVA,QC,1
3,CoS9VbTzh74Hh7FSlAKKVA,WI,2
0,PEjS7EYRg1cfHyx3r-w0qg,OH,65
0,WgEKUJoh5msZlOlTCKnKtg,NC,1
1,WgEKUJoh5msZlOlTCKnKtg,NV,2
2,WgEKUJoh5msZlOlTCKnKtg,PA,80
0,veHj2AUFSfDr4WpiN0pm7w,AZ,1
0,TQuQESqsCIRVa-7tGYYTNQ,AZ,1
1,TQuQESqsCIRVa-7tGYYTNQ,NV,12
0,Rb7_lJWdiceOYXlUJgNoRA,NV,4
0,9ZcoQomh9q8tx6lXjPtctw,ON,14
0,KLX6I1nObmgkex8pbVMhEQ,AZ,1
1,KLX6I1nObmgkex8pbVMhEQ,NV,8
0,Vc4QSYKAOf8NXriGXo919Q,AB,14
1,Vc4QSYKAOf8NXriGXo919Q,NV,4
2,Vc4QSYKAOf8NXriGXo919Q,ON,9
0,pDfc2RILCn6ZwZjyUAeD4w,AZ,50
0,z0i9WcDfq-5t9o0dinYiyQ,OH,3
0,gUa--yI_AClUqIWlJ06ABw,NV,1
0,bGP_-xTv77BTsUEwK9tSEw,AZ,2
0,9SzSlEGovHa7py8fkOvrWQ,NV,8
1,9SzSlEGovHa7py8fkOvrWQ,ON,2
0,dwBvaAz0htpO-Z6kwDRAmA,NV,2
0,yMh4OF_Li2gJzE5rJ8oCbA,AZ,2
1,yMh4OF_Li2gJzE5rJ8oCbA,NV,1
0,MtwoASB3brw7_qQ9Bd9R5A,QC,1
0,AxFluVrPUVN0pPBX7LD--A,OH,1
1,AxFluVrPUVN0pPBX7LD--A,PA,23
0,ThTUiH1fiRTXDqwH_NZHfg,NV,3
1,ThTUiH1fiRTXDqwH_NZHfg,QC,1
0,x-KLJA7nPv8K0JMoTyHGaA,NC,2
0,I0sqdywZr_gXAf6vos-AgA,NV,1
0,WYVbOdVcfOiC-lA1_TfErw,NV,2
0,RFXdqe9P56RI1vW3BhHn6g,PA,69
0,eZfHm0qI8A_HfvXScwIYsg,AZ,53
1,eZfHm0qI8A_HfvXScwIYsg,NV,99
0,25PeNo1zuVkjduF2xDg40w,AZ,15
1,25PeNo1zuVkjduF2xDg40w,NV,1
2,25PeNo1zuVkjduF2xDg40w,OH,5
3,25PeNo1zuVkjduF2xDg40w,PA,1
0,scaxsfOynKUZEijn_UCTkg,WI,23
0,4ULkSSMp3-JH8HegrlfgzQ,AZ,17
1,4ULkSSMp3-JH8HegrlfgzQ,NV,40
0,dctmv6w7ATypOrN3-DVxdQ,PA,1
0,1LQpbQFOp0xEaWKO-0CIbQ,NC,11
0,SD35oARo4MJoYO4_AVRXCg,NV,3
0,pHQcEJbsYThyl_861tc8ug,NV,18
0,trUFnQXasV8l2iJSzZKXrg,NV,14
0,TGdnpYdQgPnKAd7JoC37pQ,NV,20
0,K9hpi-oTovIMkYyYMH6GEg,NV,1
0,WG3w_73scm_JUWJ_3Lgn0Q,NV,12
0,JbPGeqxzhsmlxksZ1VuJ5A,NV,4
0,mZRv579CnBtG--OheLP_bQ,NV,45
0,GqJRlbga27rUpolN-SP9Ig,NC,69
1,GqJRlbga27rUpolN-SP9Ig,NV,12
2,GqJRlbga27rUpolN-SP9Ig,QC,4
3,GqJRlbga27rUpolN-SP9Ig,SC,2
0,3YRIaEjOPoBEz4xoXaJ1jQ,AZ,13
1,3YRIaEjOPoBEz4xoXaJ1jQ,NV,3
0,PYmzvcHnPPyv26HouDdH-A,NV,4
0,SQ7u5RYPPoi5kFb72ugKgg,NV,5
0,Kp5KHBSmV-Htc9NeSjJfPA,NV,325
0,NrSURtBigpxbdfL4nGB-Jg,AZ,5
1,NrSURtBigpxbdfL4nGB-Jg,NV,8
0,6s-g2vFu12OemhiK3FJuOQ,NC,2
1,6s-g2vFu12OemhiK3FJuOQ,NV,39
2,6s-g2vFu12OemhiK3FJuOQ,QC,21
0,QMqSgBqSrlRhz2B0UiORjw,AZ,3
1,QMqSgBqSrlRhz2B0UiORjw,NV,21
2,QMqSgBqSrlRhz2B0UiORjw,ON,1
0,eMIWMnpvjLjEb36e-aQsbw,QC,2
0,KJX8uKN3_xu_lLa4Ft4ASQ,NV,4
0,k2AC19n_dELPeNY9uduwHw,NV,4
0,EqwP7fmp1xcb-pa8F94ouQ,NV,4
0,GH6XqTz5Jx39SobsTYQJXQ,AZ,1
1,GH6XqTz5Jx39SobsTYQJXQ,NV,28
0,UzaSUVElOUwOBY2lcoqTZg,NV,4
0,5UinnGwmJ7giHt7x31sD1A,AZ,19
0,iIcV93pFoFl1U7F2JDKTXg,NV,3
0,fm2npkf_1BNUPRZQbvJA0Q,AZ,2
1,fm2npkf_1BNUPRZQbvJA0Q,NV,23
0,CR-ze9lR7fokp0fM8g5lYw,NC,23
1,CR-ze9lR7fokp0fM8g5lYw,SC,1
0,tTJSvmYUF08vHaiT3_Bkrg,NV,3
0,zBIFEYvXRQLKQbEpSXipIA,AB,15
0,RgJ_nkjVYUKzCr47qJgSSw,ON,24
0,KSMCCu1p3NCN6nZupOE7JQ,NV,19
0,ElFXwD7NXiucNzTC-LY8eQ,NV,10
0,p5gsHzRAjztEiygoSaL24Q,PA,6
0,NfU0zDaTMEQ4-X9dbQWd9A,AZ,2
1,NfU0zDaTMEQ4-X9dbQWd9A,NV,7
2,NfU0zDaTMEQ4-X9dbQWd9A,OH,391
3,NfU0zDaTMEQ4-X9dbQWd9A,PA,3
0,-QCI0pL-_AQnfU3Gyo0ASg,AZ,7
0,M-xJMhi-HphpWaD2992K3A,NV,120
0,P6adC4tul7Q3YA2S7wzh5A,NV,4
0,3h352DEsa-HgjkN2FJsSiA,AZ,1
0,rL1rSdS08VW1SURkgzD_ig,NV,1
0,wSByVbwME4MzgkJaFyfvNg,AZ,11
1,wSByVbwME4MzgkJaFyfvNg,IL,4
2,wSByVbwME4MzgkJaFyfvNg,NV,7
3,wSByVbwME4MzgkJaFyfvNg,OH,2
4,wSByVbwME4MzgkJaFyfvNg,ON,1
0,2wuQW3Phqb5KYqJFbS6K-g,NC,8
0,za6XHFxAQr6iiJN_bMULDA,AZ,1
1,za6XHFxAQr6iiJN_bMULDA,NV,24
0,rA97zeqOrUYuEM69n0Xn4w,AZ,203
1,rA97zeqOrUYuEM69n0Xn4w,NV,6
0,2KnoduMAam0OkBERfv6Uvg,ON,17
0,wVVH8vsOOhdJ-5nigb77xg,OH,12
0,nmqX1cxPOYHwql5e4U9LuA,NV,42
0,j7xPkNqhzH_mlNlD89kwvw,AZ,4
0,jgoG_hHqnhZvQEoBK0-82w,NV,55
0,w7xojpRsl4tJXIg-bufjeA,NV,2
0,XtNQeh1Y9V7TBN014IduBA,NV,2
0,bkft6UDERoz8o64w5XiC6A,AZ,3
1,bkft6UDERoz8o64w5XiC6A,IL,2
2,bkft6UDERoz8o64w5XiC6A,NV,5
3,bkft6UDERoz8o64w5XiC6A,PA,2
0,CsgpAw9MhdNEJHvoevbhKg,WI,14
0,7xL92njxQtQTchzRw5m5Xg,NV,14
0,GthtApRCscifrK-IERpj5Q,NV,4
0,_zPT9ZmR5-nUfsprzIiRew,ON,224
0,XjP0bQouWTavuaGGv5ZQkg,AZ,3
0,E2YWFOG_67SraRIOSdWbpA,AZ,22
0,7Fwns5FXlUJk8XIfO7uscg,QC,2
0,MPVZkp_4qPaI7SiBLdjfew,NC,1
0,ltTLCzM4p-1cnC70SPNfSA,NV,27
1,ltTLCzM4p-1cnC70SPNfSA,ON,1
0,4GUVH30hTi_SjMAargUE6A,NC,1
1,4GUVH30hTi_SjMAargUE6A,PA,1
0,OberW6P_lUSrt1jbNpLHvw,NV,25
1,OberW6P_lUSrt1jbNpLHvw,OH,1
2,OberW6P_lUSrt1jbNpLHvw,PA,1
0,QjMc16MFIeytPROXQRsZgA,NC,13
0,rnAn-M1NuyTvayCJU_omCQ,NV,13
0,pEbSTXnPYqgNhH36cDphcA,AZ,10
0,CY9iLsE2z_yLhLqJdD1WGw,AZ,6
1,CY9iLsE2z_yLhLqJdD1WGw,NV,40
2,CY9iLsE2z_yLhLqJdD1WGw,OH,1
3,CY9iLsE2z_yLhLqJdD1WGw,QC,1
4,CY9iLsE2z_yLhLqJdD1WGw,WI,7
0,OTjWB762JL3hmwnZk7DrKw,ON,37
0,-uybOghOlhc_UHEZvkyShQ,AZ,2
1,-uybOghOlhc_UHEZvkyShQ,NV,14
0,XtXAyFD8i11Vr6HsbdVzMQ,AZ,1
0,wnZH3npBWi42zxt7BUOPhg,AZ,1
0,D4Yywoe-WrRw-evn48vWng,NV,30
0,70_NsdDlnnRm6vh5uqHyDg,NV,2
0,2k8XLUEwA9aLB6SIwZafew,NC,28
0,W81-CPVrM9c6F8XiNuEUvA,NV,22
1,W81-CPVrM9c6F8XiNuEUvA,ON,3
0,slrH6zwPlP8GHbm4lbGLkw,AZ,1
1,slrH6zwPlP8GHbm4lbGLkw,NV,15
0,AJh1guGz6zf4__iblAzuWQ,AZ,2
0,tWVlSt-66fl6bk9_5UzltQ,NV,3
1,tWVlSt-66fl6bk9_5UzltQ,OH,153
0,vBSzgSvcawxtaDuIdi9hCA,AZ,149
0,MrjWsyI5wLyhXsIUbmzt8w,AZ,28
1,MrjWsyI5wLyhXsIUbmzt8w,NV,2
0,taqw380yqbQiANYsDyiJyg,NV,7
0,MGSW_T4DnTycPjF68j-2Zw,AZ,13
0,zDBOdWtl2PsNY38IeoE5cQ,NV,15
0,6KLtwJa67x0WeiUMLPZumw,AZ,6
0,7pIUGJ224G589mfGZaUJmg,ON,2
0,PoYY1CAGOx4dkNgOP1zQHA,NC,25
1,PoYY1CAGOx4dkNgOP1zQHA,WI,1
0,JeOHA8tW7gr-FDYOcPJoeA,OH,31
1,JeOHA8tW7gr-FDYOcPJoeA,PA,1
0,CsLsfpHlHrInwBfJmjR-zg,NV,2
0,PvjhL1-v-H5fk4x4sN6j_g,NV,12
0,DBMIV3nayB983tzhy_zWbA,NV,2
0,RTE_PaQJYlN7-GIKDxXdjw,OH,6
0,Z4rItwH8eQyhqkfGi9_6qg,AB,3
1,Z4rItwH8eQyhqkfGi9_6qg,AZ,2
2,Z4rItwH8eQyhqkfGi9_6qg,NV,1
3,Z4rItwH8eQyhqkfGi9_6qg,ON,7
4,Z4rItwH8eQyhqkfGi9_6qg,PA,2
5,Z4rItwH8eQyhqkfGi9_6qg,QC,2
0,-pm-6Ma8PxYYE1ef0B7fKA,AZ,2
1,-pm-6Ma8PxYYE1ef0B7fKA,NV,12
2,-pm-6Ma8PxYYE1ef0B7fKA,PA,1
0,lsLuVKmdh45yommr53zfRg,OH,1
1,lsLuVKmdh45yommr53zfRg,PA,43
0,qbZlO17MDbzkYLgVv5Kj5w,AZ,21
1,qbZlO17MDbzkYLgVv5Kj5w,NV,2
0,bG4EeVOCEXnvTtZTI2GVsg,NV,1
1,bG4EeVOCEXnvTtZTI2GVsg,OH,14
2,bG4EeVOCEXnvTtZTI2GVsg,PA,14
0,w-SC_4mlcf3BFM41VfwyvA,NV,9
0,flV6Cp3M2vHcqFBcCrGS1A,AB,1
1,flV6Cp3M2vHcqFBcCrGS1A,NV,2
2,flV6Cp3M2vHcqFBcCrGS1A,ON,71
3,flV6Cp3M2vHcqFBcCrGS1A,QC,5
0,UG4EKu13JRwzRix6ESINdg,AZ,340
1,UG4EKu13JRwzRix6ESINdg,NV,18
0,QGWXk9HDZyLg8PjZ13Q7BQ,NV,2
0,bHzZ3shHF1PzBbqB47Ax0Q,AZ,40
1,bHzZ3shHF1PzBbqB47Ax0Q,NC,1
2,bHzZ3shHF1PzBbqB47Ax0Q,NV,5
0,egGlOdJsorbNbd43oXfTbA,NV,12
0,rNpY5t4KycQuiThd1IqaTA,NV,8
0,wKYcj9gSgzRfTz0km9opoA,OH,12
0,dw12y9EXcrddiRg_9n3qSg,NV,13
0,GAaikWRJUkPoT6cjrdQAmg,NV,1
0,p2J7wBuBfFwhxsJiiE_lfQ,PA,7
0,Khecid8LZRq9n6xe4qjgLA,OH,11
0,j1981ubRRPjeRTx9UkMJ5g,NV,8
0,j7wBPIGt4PEn0KnGtVUyeg,NV,12
0,zUKeZNu4tCG56xjwWH54Vw,NV,17
0,imzzRPlAI9_ju5imHmtGYQ,AZ,20
0,OfFlECSBN8dGlZP7-pGcbg,OH,7
0,1YLLNv2otrsiR0MglNMzHA,AZ,25
1,1YLLNv2otrsiR0MglNMzHA,NC,1
2,1YLLNv2otrsiR0MglNMzHA,NV,3
0,SXQRgduGrlDB6A7jm3aSxg,AZ,1
0,OWJ-4cZ-zjyQCjcEaVJFfA,NV,17
0,Hze9r06sEb-EXEFPwwBTIA,NV,35
0,pXmWeoiv_WkLkveLyKbUEQ,AZ,1
0,w1WE83erjPJTysuAbjoRgA,OH,25
1,w1WE83erjPJTysuAbjoRgA,ON,1
0,UvSYeJnfK0iFWuegma0uvA,QC,5
1,UvSYeJnfK0iFWuegma0uvA,WI,5
0,uwRd0buZlfjPWbmNK7kGhQ,NV,88
0,PpP6-F0k4TQzC7I77ZbpJw,NV,7
1,PpP6-F0k4TQzC7I77ZbpJw,OH,6
0,IY0zs4-DzwRs_W2NOYtz3Q,NV,39
0,U5ZlYbMbUMwa7WedVO-bPA,NV,1
0,V28_73Ap8rxkGDvHjUhmzA,OH,5
1,V28_73Ap8rxkGDvHjUhmzA,WI,2
0,W-La-8pnqIYBk2eyfoA4Gw,AZ,1
1,W-La-8pnqIYBk2eyfoA4Gw,NV,20
0,1aP3wzoLicAo3G-r4HLxIw,AZ,2
0,GGoTTLnCMJFdhgErmqVfJA,NV,2
0,VM-pBrNPfZm-5YWcMCVbqw,AZ,63
1,VM-pBrNPfZm-5YWcMCVbqw,OH,1
0,TJZ773c6IobB29sEwkBAyg,NV,43
0,a7s-iv5ttk6jyHBVXt5ejA,NV,4
0,icLb4FzbQDMu9N9YIu3jmA,AZ,1
0,FnMWt6xWScSEjxBVzpVdRw,NC,3
0,AQRqMBHwZd_hDBxnTshmKA,NV,44
0,7G8w2SnaC-qDVQ7_GqTxMg,NV,62
0,sxEzazybwfF86Mv8Dm3tgw,OH,21
1,sxEzazybwfF86Mv8Dm3tgw,ON,9
2,sxEzazybwfF86Mv8Dm3tgw,WI,9
0,tbHQnBgsPPXQVjDrbb9q8A,AZ,9
0,_D1IJIac_NqbJJwXiCzz-g,NC,1
1,_D1IJIac_NqbJJwXiCzz-g,NV,14
0,HNycc5PctOiR2PXb-TFCIQ,WI,46
0,DpIhfFHCx2WhtSuTDDsGCw,AZ,20
0,IZUW4dau7DlrxN7fZpWK5g,AZ,40
0,N0vYEXM4dvk9UcO2OIUfvg,QC,1
0,GwHoE_fomeIuILCdHiRzvA,NV,7
0,9LacWr3iWIVXBoA8Ui_dqA,AZ,25
0,gI8J0bK37cXpdrOb8wK_Ew,AZ,25
1,gI8J0bK37cXpdrOb8wK_Ew,PA,1
0,DRlIsW15Zn2qwYdOuhHlsg,OH,114
0,3wCBCcnAfGlijkI7DDxxQg,AZ,1
0,YTOJTDWe41RQlaaQUxwHKQ,AZ,19
1,YTOJTDWe41RQlaaQUxwHKQ,NV,2
0,Z4a9QmzKt7dB4Ju59yQOMA,NV,17
0,UY3x_8KhKlrqVSDE0QKV8A,NC,1
1,UY3x_8KhKlrqVSDE0QKV8A,NV,10
0,lVgk6IWZol8Q-ASsVx93eA,NV,15
0,oyXIV-9GRBBZrFydPCaR2w,AZ,2
1,oyXIV-9GRBBZrFydPCaR2w,NV,18
0,C3yVWxlgdTdh0_1xfd5HVA,NV,1
0,4UFiaTDHp6d0guzbTg9gSA,NV,12
1,4UFiaTDHp6d0guzbTg9gSA,QC,2
0,OgbzBoW_qGftX3J-lwScrg,NV,1
0,FTZyZbr1eF7s3Ss7uSLcXQ,NC,1
1,FTZyZbr1eF7s3Ss7uSLcXQ,NV,150
2,FTZyZbr1eF7s3Ss7uSLcXQ,TX,1
0,Yhq1sMjjCTOhp16G1wTAlA,AZ,1
0,JSLbpEVcTV-41s8xvCLWNg,NV,5
0,5cLYXhfmVqh48jaEbqFCdw,NV,2
1,5cLYXhfmVqh48jaEbqFCdw,ON,30
0,kdN_jpcVkIwSrv2YaqIh1g,NV,6
0,PaNO-eyIdrdZnF5FeNjd4Q,AZ,50
1,PaNO-eyIdrdZnF5FeNjd4Q,NV,7
0,12I0wU8oMqJqFSDOfCK-eg,NV,11
0,BOijsp9rwVGS4ScmOMf9bg,AZ,1
1,BOijsp9rwVGS4ScmOMf9bg,ON,117
0,q44lEoMdZtajPNLRn59vcg,NV,1
0,m5YQLNq-xDcRXdhaD4jVoA,NV,7
0,EWv-QUwo3hMfoM04sIXdUw,AZ,66
1,EWv-QUwo3hMfoM04sIXdUw,NV,2
2,EWv-QUwo3hMfoM04sIXdUw,OH,4
0,bkl_m_RNxv4k9tyGXBQhAA,AZ,8
0,z-yc2Ado4wen2w5y6uLung,NV,4
0,F_tNLSl0KZplFX4Ecab-Rg,AZ,6
0,O5O78irEG3bNIH9q-ziiVw,ON,26
0,nTo2QTtdg3IgeF5XPfbDkQ,ON,4
0,R1weJrTfEefkUFqtrq50IA,AZ,2
1,R1weJrTfEefkUFqtrq50IA,NV,2
0,j7BhEWyJwcBiinqiSspkeQ,NV,2
0,aRpg4ufrMYne9e9wYLjJcg,NV,20
0,-h3OxE2YbWzFXVkBhYtJTw,NV,21
0,6TamqD0K-EtXTUpfnwu-2w,NV,1
0,oEMobDwc0I-Cz1qtczwKPA,NV,1
0,5r2qtQpxrJzQeeojSuYOKw,AZ,7
0,h36MJSbIj9NQQNxXVzZ9fw,NV,10
0,Yi0VnCiMcSYmZIyhf5rTTQ,NV,6
0,f7j5Qzjo2-uEVCv2IYX3HQ,OH,7
0,jdIhdKEXNod3QJYI3y-piA,NV,4
0,kfpcPUq8CYE-dZlgUKm5yw,NV,10
0,vf3ZyTw1927vMo_QLsHTKA,NV,13
0,xDYZjoE02HNXMH9dZXVlig,PA,82
0,nuZeLTEbTx6sjqIpbmlXYA,NV,1
0,PcgnJ3Ygs8ESMNwGvW7LEQ,NV,11
0,rKOVduk_kQpoIiom5lbBAQ,AZ,85
1,rKOVduk_kQpoIiom5lbBAQ,NV,1
0,xR_azKJR6c_YGLlftcptVw,NV,2
0,3KK7L2Q6NMfJA1Ky4Ntmdg,NV,54
1,3KK7L2Q6NMfJA1Ky4Ntmdg,ON,2
0,9iTEAvSGJ-dOOqdVlTCkww,AZ,9
1,9iTEAvSGJ-dOOqdVlTCkww,NV,1
0,EXKDLuYoZUKUNNNYA7TlGQ,AZ,147
0,Lzd7FTvMOvfg9WmR4MoNxg,NC,2
1,Lzd7FTvMOvfg9WmR4MoNxg,NV,2
2,Lzd7FTvMOvfg9WmR4MoNxg,OH,6
0,ztGtoOtbK4DRtzzrlxWvoQ,AZ,1
1,ztGtoOtbK4DRtzzrlxWvoQ,NC,7
2,ztGtoOtbK4DRtzzrlxWvoQ,NV,2
3,ztGtoOtbK4DRtzzrlxWvoQ,QC,2
4,ztGtoOtbK4DRtzzrlxWvoQ,SC,1
0,zoyb93pskMhDgXZgv-DKtA,NV,49
0,_rhYsgWA03_D88d3xEGFvw,AZ,24
1,_rhYsgWA03_D88d3xEGFvw,NV,6
0,DIqmYwkcPFcYnEpWvzXeOQ,NC,3
1,DIqmYwkcPFcYnEpWvzXeOQ,NV,1
2,DIqmYwkcPFcYnEpWvzXeOQ,OH,82
3,DIqmYwkcPFcYnEpWvzXeOQ,ON,3
4,DIqmYwkcPFcYnEpWvzXeOQ,PA,1
0,81myqzTiZoFl-wpB5i7Whw,AZ,3
1,81myqzTiZoFl-wpB5i7Whw,NV,2
0,AXIxNSHBF4QNAdTv_R1QQQ,NV,2
0,HUI9SrB4NW0GP0MUCCT6VA,NC,54
1,HUI9SrB4NW0GP0MUCCT6VA,SC,1
0,E22p33g94fhRPY8M8IUCpA,NC,2
1,E22p33g94fhRPY8M8IUCpA,NV,20
2,E22p33g94fhRPY8M8IUCpA,PA,1
3,E22p33g94fhRPY8M8IUCpA,SC,1
0,ZLS7cwa1UplSB8nRrwrHIQ,PA,67
1,ZLS7cwa1UplSB8nRrwrHIQ,QC,1
0,CLpk4sgHEPCB0teBZzAygA,NV,1
1,CLpk4sgHEPCB0teBZzAygA,ON,8
0,z6JKV7ZLkMxxk7RWza4A5A,AZ,5
0,x4QaF8wAvLLHn_AdXOKIXg,NV,4
0,WWM_NcaYUk2YcDRG1Nw3lw,NV,2
1,WWM_NcaYUk2YcDRG1Nw3lw,ON,1
0,SHPSiWRvGJdKwVSNHnEp5w,AZ,6
0,3OXGfha1ryoWehAxU4ST1g,AZ,6
0,tHWq61FmO0Vrd4qStq3g8Q,ON,31
0,NfiA_mb_amxVG0y2KRIDcA,AZ,1
1,NfiA_mb_amxVG0y2KRIDcA,NV,3
0,Ufug0ofE20FqP5RepEeD6A,PA,1
0,6QFyYvYgN1XcVfxMMMWxGw,NV,55
1,6QFyYvYgN1XcVfxMMMWxGw,TX,1
0,tBB6kLk5ZS03PlizPxLpoA,NV,10
0,N6llta3D8IVSPQ2k_rvWbA,NV,11
0,HVpUBCKvzx5rjvmDqVaHkg,OH,26
0,lN7JeDlr-xoS6kTBDB9vYg,NC,1
1,lN7JeDlr-xoS6kTBDB9vYg,NV,10
0,PkDCRPU7uLAQmoDIFdhlpA,NV,5
0,Rgb5esaGOPFGX5hb-cJv7g,AZ,10
0,TY--zvtIzIba2C2aszyNnQ,ON,87
0,lKBB-T7qfDtubIh6szZ8xg,NV,1
0,fioEnY5NovEpMTS_4lAnUQ,ON,1
0,1yw3JgmQQxwP662FOLZrWg,AZ,82
1,1yw3JgmQQxwP662FOLZrWg,NV,2
0,6gw_s9XBGDi3XgpffG6XyQ,NV,3
0,k7DgPgVyCssJIKTKuPnWZg,NV,4
0,gZDnY6XY1lXPlqAjKKzk4w,NV,5
0,-4pGdGL_M0zGctI5jeqjAQ,AZ,37
1,-4pGdGL_M0zGctI5jeqjAQ,NV,4
0,14exv848JLJlW-a_LOYKXw,AZ,7
1,14exv848JLJlW-a_LOYKXw,NC,4
0,6RfqswjnMGUDM2VpKMWm1w,WI,7
0,A7oGdvXajzpt0kkDHfCPOw,ON,3
0,kkB1uLqS6GrSNRbO4D4Khw,AZ,4
1,kkB1uLqS6GrSNRbO4D4Khw,NV,2
0,j-1qkha4h87wMfNfwPvfqQ,NV,104
0,hyIVFPfm3TyPWQf0Xh9u1Q,NV,65
1,hyIVFPfm3TyPWQf0Xh9u1Q,TX,1
0,RHhvvRSsj85q8MhQbG-DkA,AZ,1
1,RHhvvRSsj85q8MhQbG-DkA,NV,20
0,iChrn349gyWB-8UGyn8a6Q,NV,26
0,vBs9C8XnE8Py8yji7EF3nQ,NC,41
1,vBs9C8XnE8Py8yji7EF3nQ,ON,1
2,vBs9C8XnE8Py8yji7EF3nQ,SC,5
0,2Uy6LrQp6oynqNnwFddBJQ,NV,2
0,MR3YvHlxfC-QtI7uPPjG7A,AZ,2
0,k1VrwDJi2OOrmRfkiIzNug,NV,17
0,Y5oH9VlzH0IfhCQ3SSESoQ,NV,14
0,N0PpRl9PT6ikxkNMxbfyTg,NV,1
0,InDrrRvQ9f732YGPX4Ixmg,NV,1
1,InDrrRvQ9f732YGPX4Ixmg,OH,7
2,InDrrRvQ9f732YGPX4Ixmg,PA,43
0,fIuB5uSCInSaFsq3NYM5Cw,NV,1
0,xkDTLP3QDAC5tkWsaDMIgA,AZ,3
0,0hAc_xJMHrZ79Is6rK_3aQ,NV,1
0,DdqJuLA6DT5V8jP9C5-VBg,NV,1
0,5QjxYqp5nYKqfbSMjv1ztQ,NV,26
0,JxaZjN-yOnREMqmPlC74dg,WI,9
0,FeYvfC9ze013cipq92Mn8w,NV,3
0,0ds4AgVHV2i9HvTpx_aSDA,NV,1
0,fi9QOpj2wKjZkMYphnwUMA,NV,1
0,g3HFkZgloxLQCvoJ5Zs5gg,AB,2
1,g3HFkZgloxLQCvoJ5Zs5gg,AZ,1
2,g3HFkZgloxLQCvoJ5Zs5gg,NV,22
0,doGsaahbqD7ePHP19UsDsg,AZ,2
1,doGsaahbqD7ePHP19UsDsg,NV,73
0,2KJF88-sNtXvF-dmMktlnQ,AZ,20
0,GmXOSEbXy8JXmvo9hM5WWQ,NV,59
0,gvdFSI9b9IvLuqZeIili7g,NV,3
1,gvdFSI9b9IvLuqZeIili7g,PA,11
0,MpVoHga5M5msFXe9nkg7zA,NV,18
0,X_14Pe-kpmR_QiU-SRJvgg,NV,3
0,qXwN5-M3GhKmBfMTem0tKg,NV,1
0,sjZXC0BU-y7CptycmdZnzg,OH,2
0,ELfzWgdf64VBLi5z1ECItw,AZ,1
1,ELfzWgdf64VBLi5z1ECItw,NV,108
2,ELfzWgdf64VBLi5z1ECItw,PA,3
0,4IGyt_shx_bAi-SHjWhX-Q,NV,12
0,KLgBbAHOWumaXjEQwUDpmA,ON,9
0,3iaQRn8gPiuarpYmv9dOJA,AZ,47
0,mGpSdlT6XfHOtr-uHJgRzA,ON,1
1,mGpSdlT6XfHOtr-uHJgRzA,QC,15
0,FT2_DenBRHcXFqzvoTUZoQ,NV,4
0,APnNt9CdoZ3n3EAIB2nMog,AZ,1
1,APnNt9CdoZ3n3EAIB2nMog,NV,11
0,tDo_BKfmmkn46YHbE-Ag5A,AZ,7
0,o49wKoaSBe411Cxz23csvA,AZ,3
0,FzT-ujff-c11Wa_WdItwig,NV,19
1,FzT-ujff-c11Wa_WdItwig,QC,2
0,_g3wHkiWc90oNvd_7TZeiw,NC,21
1,_g3wHkiWc90oNvd_7TZeiw,NV,4
0,xywXoLnG7qWIayFu8oZQgQ,AZ,1
1,xywXoLnG7qWIayFu8oZQgQ,NC,2
2,xywXoLnG7qWIayFu8oZQgQ,NV,13
3,xywXoLnG7qWIayFu8oZQgQ,OH,1
4,xywXoLnG7qWIayFu8oZQgQ,PA,3
0,5ylIKMA-zoXZvH_-X26YOg,AZ,108
0,G9Vb6yQ047TC3O_-GG4WZA,AZ,6
1,G9Vb6yQ047TC3O_-GG4WZA,NV,23
0,-ytNZCQnW4p3BVVF94jE_A,NC,18
0,sVNpZOuqolyARKdXv-xdKA,NV,26
0,i4u5Ri6lCZxPfVfiRHFTdw,AZ,29
0,dFWfY0wwinyRWv8NxppTjw,PA,4
0,u2o3l7ZDkwA6UUdrVE3W0A,OH,1
0,-G7Zkl1wIWBBmD0KRy_sCw,ON,12
1,-G7Zkl1wIWBBmD0KRy_sCw,PA,3
2,-G7Zkl1wIWBBmD0KRy_sCw,QC,10
0,aSq9HEZIq2uJtj5iYrC9kQ,NV,9
0,4BaRBsPhITxM8GhMFhKFnw,NV,1
1,4BaRBsPhITxM8GhMFhKFnw,NY,4
2,4BaRBsPhITxM8GhMFhKFnw,ON,1
3,4BaRBsPhITxM8GhMFhKFnw,QC,4
0,AO_Tge7mRTQV4iOy3fg8fA,NV,2
0,32enhKNzuIbOOVgk6MnKkQ,NV,3
0,sP8jWvwmdvMhwtzLi0aoGg,NV,1
1,sP8jWvwmdvMhwtzLi0aoGg,ON,9
0,99VnGXLj9P06m7B2hFD30w,NV,1
0,ZBlI10vRpDMneAphQhv6nQ,NV,1
0,dD-2d8DBo5uKsyORg9Qq8A,NV,12
0,AX7PN-tAH5vUO5KRbKEVZQ,QC,49
0,leRflEaqkXdNnAwBZ7VLbA,AZ,3
0,-Z69J2TrHTz8zUKbx6e4Cw,NC,1
1,-Z69J2TrHTz8zUKbx6e4Cw,NV,3
2,-Z69J2TrHTz8zUKbx6e4Cw,QC,1
0,vNx3FrO1zRkXTKGkypcDEA,NV,2
0,Aqz1DKxUb7vI3d6C3eDejw,AZ,10
0,MwN09-q1DpOh7xB97E4Axw,AZ,7
0,_PP9LBb6oBaMoAdFZbyUcA,NC,1
0,feFl9sUx4TWFB-Xt_Q5KYg,NV,1
0,bz3Reh0S84qJjAAB_hpl3A,ON,83
0,vBOlhUbVaWOVYf378PkYqg,PA,8
0,10TgFD2_smqUZxXGoW8cBQ,ON,1
0,o9DYSlFm9pQwiurVs8U5ig,AZ,35
1,o9DYSlFm9pQwiurVs8U5ig,NV,4
0,BQ73YHpyADiz-Wf1OQ0EPg,NV,5
0,Y75OEqeW2bTHoS_pR-mkxQ,AZ,2
0,AvC5XQAElcGAAn_Wr5auEg,AZ,1
1,AvC5XQAElcGAAn_Wr5auEg,NC,223
2,AvC5XQAElcGAAn_Wr5auEg,PA,1
0,-d0o3YCu6Zu6hHpzNq4dUQ,AZ,1
1,-d0o3YCu6Zu6hHpzNq4dUQ,NV,5
0,a923ofqpLwcfneeNeNTJ4g,NV,5
0,NPZ113YIXy-nl0aQ6wOvww,NV,25
0,h4RlU89BoHkIenX-iaXgRw,AZ,5
0,RndtjBHm41mIisU-oGeV1A,NV,14
1,RndtjBHm41mIisU-oGeV1A,PA,4
0,ZQJMFhNf_A8vz_opSkCSUg,ON,26
0,EyMQbF09s17-iBPY6TWwVA,NV,17
0,gpctft2WbJfhias36sRvrg,NV,1
0,LiJzaYCdoVyyhsAReSzkXw,AZ,6
1,LiJzaYCdoVyyhsAReSzkXw,NV,1
0,4Xi2i_i1RzKkoJ41_1JHig,NC,1
1,4Xi2i_i1RzKkoJ41_1JHig,NV,1
0,3nFTpnd1gGRR6Tj0G5mQ1w,NV,29
0,uvef7i0SzfGtEtGgAXru3g,ON,1
0,hWDybu_KvYLSdEFzGrniTw,AB,18
1,hWDybu_KvYLSdEFzGrniTw,AR,1
2,hWDybu_KvYLSdEFzGrniTw,AZ,14
3,hWDybu_KvYLSdEFzGrniTw,NC,510
4,hWDybu_KvYLSdEFzGrniTw,NV,6
5,hWDybu_KvYLSdEFzGrniTw,OH,7
6,hWDybu_KvYLSdEFzGrniTw,PA,4
7,hWDybu_KvYLSdEFzGrniTw,QC,15
8,hWDybu_KvYLSdEFzGrniTw,SC,33
0,Adbn0BzDAb6M-0AgWB7VZw,NC,1
0,TT8sKcoUdI0qyYFocu86iQ,NV,2
0,_7zgzdB1Qog-HUWQdbH0pw,OH,2
1,_7zgzdB1Qog-HUWQdbH0pw,PA,43
0,KVJMmL0YhWwZRUhhMNkpjA,NC,1
1,KVJMmL0YhWwZRUhhMNkpjA,NV,28
2,KVJMmL0YhWwZRUhhMNkpjA,ON,5
0,PpaIA3DA_0Y_XpGHPxgjLg,NV,51
0,YxsKoFh3QyN76SBuY33zMQ,WI,3
0,p85Lq9SorEmHjhLZg3l0cw,NV,17
0,RWS8pfFlMGqZS2fJkFxr_g,PA,1
0,uY9Q_Vw7YAJtJQA0FQJR7g,NV,17
0,claV_wXYEgojvBrRodrSGQ,WI,40
0,Hqwx3fAjlSQXBP43BrQv8w,NC,33
1,Hqwx3fAjlSQXBP43BrQv8w,NV,1
2,Hqwx3fAjlSQXBP43BrQv8w,SC,1
0,fLnkI1uHtXEsjtF6KoBHbQ,NV,54
0,0I2reIeaAKY5Pt5m4Ce3Iw,AZ,1
0,SzAT0j2jvt6vS6TWHylMUw,AB,1
1,SzAT0j2jvt6vS6TWHylMUw,ON,3
2,SzAT0j2jvt6vS6TWHylMUw,PA,1
0,-dKNk9ts0MwuSuEtX-eSUw,NV,5
0,9bsSKb9rkDm9L5X6FajzAw,AZ,11
0,_6CTDWsw4Fdr6R9ZzKvLZQ,ON,52
1,_6CTDWsw4Fdr6R9ZzKvLZQ,QC,8
0,1vdTh8l9iRR_SsaSkIKbww,NV,1
0,912kQnXUkwRiw2Gp0FlYDw,NV,1
0,2roSOzKHa7Bz6AMDWVVRRQ,NV,1
0,XkiScu-1ir0maYTDdatJeA,NV,10
0,nZ6ctPATqhXIReKDq7doVg,AZ,26
1,nZ6ctPATqhXIReKDq7doVg,NV,1
0,jp1cDthqcWX62NtL1oAKlQ,NV,47
0,Z0wuDXZoOQBw_NYB8jQt1w,NV,1
0,zAFS5GwqdQH9ZlwgL5ywAQ,NC,2
1,zAFS5GwqdQH9ZlwgL5ywAQ,NV,1
2,zAFS5GwqdQH9ZlwgL5ywAQ,ON,1
0,ZXPUxdvBc4hSt3oyw10dTA,AZ,2
1,ZXPUxdvBc4hSt3oyw10dTA,NV,29
2,ZXPUxdvBc4hSt3oyw10dTA,PA,1
0,9TWgmxmhL_y5zF2s9S2TQA,NV,12
0,MRw1yT9BChejK1lSwVc43w,NC,3
1,MRw1yT9BChejK1lSwVc43w,NV,9
2,MRw1yT9BChejK1lSwVc43w,OH,1
3,MRw1yT9BChejK1lSwVc43w,PA,14
4,MRw1yT9BChejK1lSwVc43w,WI,5
0,RwmrZWA-vJ8oYZbpmzh3eQ,AZ,4
0,oFQHx5OV-vRkONaJND8hhg,AZ,3
0,30bwgVuf6vX2za6yf1l0rg,NV,7
0,O4O3BXwstYFQcngdUYn2-g,AZ,8
0,8lEywHSvti2UjFP8ODbnHg,NV,8
0,F3St4qtWbljWfhmb6Da_wg,NV,33
0,b76FcjQd1RkpnP6I-ajhjw,AZ,3
1,b76FcjQd1RkpnP6I-ajhjw,NV,6
0,bwTeAl593lY6Fzo67Y874w,AZ,1
1,bwTeAl593lY6Fzo67Y874w,NV,12
0,rFc99pTtnpLc7iJGeA53Qg,AZ,2
0,Mu6wz7_d6OBgRqkl4_NaXw,NV,16
1,Mu6wz7_d6OBgRqkl4_NaXw,ON,7
2,Mu6wz7_d6OBgRqkl4_NaXw,QC,4
0,J2j0PBxPAXU5i7M0rrgfGg,NV,2
1,J2j0PBxPAXU5i7M0rrgfGg,QC,1
0,nnaqt0CgxE1nbvs9mcLrug,AZ,17
1,nnaqt0CgxE1nbvs9mcLrug,NV,1
0,7RifB3srWSaKpLrtxJs-Iw,NV,3
0,G87zEbu0oPpYzmn4LUMC3g,AZ,12
1,G87zEbu0oPpYzmn4LUMC3g,NV,20
0,V3OsLLhBaEwEVE8n6sy-Qg,NV,2
0,Ybj1QnE8qqu9RvRryJ9Njw,ON,12
0,KYuOv0JCfJWZMoT0zVK3SQ,NV,2
1,KYuOv0JCfJWZMoT0zVK3SQ,QC,12
0,UtSP1h5mik7MmqqgVwGTcw,ON,2
0,O98OvniMRlKF_lllMajzFQ,AZ,1
1,O98OvniMRlKF_lllMajzFQ,NV,14
0,arscndzXAzxYMIgegYtIvA,AZ,2
0,hzKQOJI8-7TM-BstJpSVCA,NV,42
1,hzKQOJI8-7TM-BstJpSVCA,OH,2
0,FCZL3pgFmZ59aE1q2yv20g,NV,6
0,8KeHUYvc5HVzex6XhP6Fug,OH,28
0,LEGudhGQU2sBvpyltEov1g,NV,7
1,LEGudhGQU2sBvpyltEov1g,OH,3
0,CtT0To4GaUdTJ7MhojlW4g,AZ,1
1,CtT0To4GaUdTJ7MhojlW4g,NV,5
0,zXP0PhJn0f6BxAYTdBFLCQ,NV,2
0,paNtPIcJtA_7TqwC8q27-g,NV,31
0,Jpc99DcLrRRrFeT7rVK0cA,NV,6
0,eguB3eXzLRK3h40Oi0Iw3g,AZ,1
1,eguB3eXzLRK3h40Oi0Iw3g,NV,109
0,-micGOUpuJwszNve0zqwIA,NV,11
0,DTFOGN81zlhrYENyvwQ79w,NV,2
0,twEVyqxAvddhoqlhEDjfOA,ON,59
0,EwXTFlhKft8XR7rvLeLoYg,AZ,27
1,EwXTFlhKft8XR7rvLeLoYg,NV,24
0,TGl6Qqk1NUWo__YMqLAlgw,NV,37
0,ZqO2776PGEMZRjsX-mfXNw,AZ,25
1,ZqO2776PGEMZRjsX-mfXNw,NV,9
0,HOKngwcMBbb8Sa-jl4ZzJw,AZ,13
1,HOKngwcMBbb8Sa-jl4ZzJw,ON,61
2,HOKngwcMBbb8Sa-jl4ZzJw,PA,1
0,xph7RgAW5jmcBSmMwMywbA,NC,1
0,ib1VZbTzMdXHk478jFHm1g,AZ,1
0,ZYZNcugF3xUEGyLOVGiZ0Q,AZ,21
1,ZYZNcugF3xUEGyLOVGiZ0Q,NC,7
2,ZYZNcugF3xUEGyLOVGiZ0Q,NV,13
3,ZYZNcugF3xUEGyLOVGiZ0Q,OH,1
4,ZYZNcugF3xUEGyLOVGiZ0Q,ON,12
5,ZYZNcugF3xUEGyLOVGiZ0Q,WI,9
0,T_TedL0ZlotWqb0A_LpIgw,AZ,2
0,22Wd0PQKUkBMhG3F8LFUqg,PA,2
1,22Wd0PQKUkBMhG3F8LFUqg,WI,2
0,S0CoIlPKRmijNgC9v649xw,NV,16
0,R4b9uTzOI-9d0ussqSqR5g,NV,10
0,2-Qjlm7Xuzem7jywlJzsOw,NV,5
0,Hw5riZfnB-B7G79vBTOssA,NC,196
1,Hw5riZfnB-B7G79vBTOssA,NV,3
2,Hw5riZfnB-B7G79vBTOssA,SC,1
0,53dkR4-xyhjsCVHfrwiGaQ,AZ,1
1,53dkR4-xyhjsCVHfrwiGaQ,NV,24
0,n7LgCWMkPzL6zLYJ0J8Jag,AZ,1
0,5j1P0jfbD-VYjxVkDpnR0Q,NC,4
0,2Snxk3rX2bvqeHqmsfn_bg,NV,1
0,BSBFGOqHzyTC5YmCr02AFA,NV,4
0,YMzgPqMtmHNgmOA64eTqag,AZ,13
0,gnJdmjz577H6ILTV8dAm4w,NV,3
0,g4c63CuQP6Nx2VSMvH9Bmg,NV,11
0,bvSiS-cZ1sN0Eq5xgDyDng,NV,7
0,Da_ZO8lKwIacljqKUJbAlw,NV,4
1,Da_ZO8lKwIacljqKUJbAlw,OH,1
0,GamSKK0ERfkLlhkSnJc7SQ,NV,25
0,JNLTh1iGDWLncTlnESdv-g,NC,3
1,JNLTh1iGDWLncTlnESdv-g,NV,8
2,JNLTh1iGDWLncTlnESdv-g,WI,3
0,5K3XXulObIB_hb40sTxscA,NV,12
0,y5qkluQDupcecpA3huZ2LQ,NV,14
0,cJ6Nhg6GMd7iOQKepMw-Fg,NV,3
0,5kWLbT_Rs6SnskEIo4NpMw,AZ,43
0,l0eez0AI6cr9VL4J2ioiwA,NV,6
1,l0eez0AI6cr9VL4J2ioiwA,PA,3
0,vwyJtyoVraNxnudiTJYjLQ,ON,1
0,EiwxlbR8fb68lMgEXhcWKA,AB,4
1,EiwxlbR8fb68lMgEXhcWKA,AZ,11
2,EiwxlbR8fb68lMgEXhcWKA,NV,68
3,EiwxlbR8fb68lMgEXhcWKA,ON,2
0,qLdLalQCAtyrs_xiPS4ytw,AZ,1
0,uPv7k3spTf5F_sBqU3mEAw,AZ,2
0,FLt1hX0vRcfDomT4aywh8Q,NC,2
0,Rm679tOyN9FfCGQ6ocI0Jg,AZ,31
1,Rm679tOyN9FfCGQ6ocI0Jg,NV,2
0,trAgaopRYs3-yNpSdnAvTg,NV,11
0,pn_flI3EBNugBEYFp9okxQ,NV,1
1,pn_flI3EBNugBEYFp9okxQ,ON,260
2,pn_flI3EBNugBEYFp9okxQ,QC,5
0,fgkJ6KUlrmbKyLDQervxsw,NC,1
1,fgkJ6KUlrmbKyLDQervxsw,NV,151
2,fgkJ6KUlrmbKyLDQervxsw,QC,7
0,tm_8tvK32ou14r-sWcsNwg,NV,3
0,-m0KTRk0c901-4b-BN34Gg,NV,3
1,-m0KTRk0c901-4b-BN34Gg,ON,80
0,pQIADDOm1H1Yd04VDQfUbA,AZ,3
1,pQIADDOm1H1Yd04VDQfUbA,NV,14
0,ApjSaDZD9OeSqimHE9Qo0Q,WI,10
0,SEzZkjAKSRcJGJ48cUwFig,NV,17
0,KVD_E0lqgVXYipyXyNeRCg,NC,5
0,H2h21wrYd-BEUm5mZVX0bg,NV,6
0,vAANn2jP_YUkkWW1d7HyAw,NV,2
1,vAANn2jP_YUkkWW1d7HyAw,ON,2
2,vAANn2jP_YUkkWW1d7HyAw,PA,2
3,vAANn2jP_YUkkWW1d7HyAw,QC,1
0,eIPAZif3wUD2Cg_Sra18ig,NC,6
1,eIPAZif3wUD2Cg_Sra18ig,SC,1
0,rVHSNa7tzfz4L0J4YqyjvQ,AZ,6
1,rVHSNa7tzfz4L0J4YqyjvQ,NV,8
2,rVHSNa7tzfz4L0J4YqyjvQ,ON,1
0,Sg_BvnTHsbc1AABiJjaiPA,NV,4
1,Sg_BvnTHsbc1AABiJjaiPA,QC,8
0,rqv6iQJtu2Y8mNqbQF2wYw,NV,6
0,_IFHqEzkmxfsIbQc5Le3kA,AZ,4
0,CkIAxw9kyWhEdPv9dy2VBA,NV,19
0,CjvFxl6_7AK3lw5O49MN8g,NV,23
0,O_d92wiJ3Zv5tVgM4WIUUw,NV,1
0,DihTsliUxbqpoA9W3uRDBA,NV,5
0,STAlhmm3saZDehwqzEg5wg,AZ,1
1,STAlhmm3saZDehwqzEg5wg,NV,6
0,YBPxpD1C3iv6FYwAGj5cZQ,AZ,1
0,nyl_1VcRIAyI55bb_scpdw,NC,11
1,nyl_1VcRIAyI55bb_scpdw,NV,17
2,nyl_1VcRIAyI55bb_scpdw,ON,232
3,nyl_1VcRIAyI55bb_scpdw,QC,5
0,jehmOADYYSSLuKL7u72Nwg,NV,22
0,wUfC4lHHhRLLXRpzJRGWGA,NV,2
0,GJMOpKrcc57b7Lvuo6G2Pw,AZ,21
0,2uh6GE6p-F3U2_YUhYwTtA,PA,13
0,c_HdvOYbDHfcd5KtM6wY4w,NV,10
0,Xozr1-vOeyUddwUEJWgIaw,NV,7
0,Q0P6es9wrrbFKy4btR5WSw,AZ,1
1,Q0P6es9wrrbFKy4btR5WSw,NV,3
0,jckP4KS3DFeOnsFx8PF5yg,AZ,2
1,jckP4KS3DFeOnsFx8PF5yg,NV,9
0,WlI_RzA43VNI3EV8YVawJg,AZ,5
0,rt3PC7WCgCKsoufmQJELfw,AZ,2
1,rt3PC7WCgCKsoufmQJELfw,NV,361
2,rt3PC7WCgCKsoufmQJELfw,TX,1
0,u5fnrkB6fiQkHUo27rJMrw,NV,4
0,zAghFoSVPux0auqBdtd-7g,NV,2
0,u3ZPMVVEzneq8x856WksJQ,OH,255
0,tg1Eh5J9iqH5Y0ycb1bejw,NC,64
1,tg1Eh5J9iqH5Y0ycb1bejw,PA,14
0,UzuJi4EJXv61IEaTebnoOA,NV,1
0,7o2ZPijGOxaUncf5FEkCRA,NV,56
0,nnnGr8_akfaX2xHvSooTPw,NV,1
0,7y9keg4X-6kasx-90Wm2kw,NV,1
0,9MlXWEHFygj13lofK5KC8A,AZ,44
0,HXOfPXPMvdXNpQ_l0RRjKw,AZ,37
1,HXOfPXPMvdXNpQ_l0RRjKw,IL,7
2,HXOfPXPMvdXNpQ_l0RRjKw,NV,12
3,HXOfPXPMvdXNpQ_l0RRjKw,ON,1
4,HXOfPXPMvdXNpQ_l0RRjKw,QC,14
0,jlDlYRSV7zeIpQn9aiXOKg,AZ,31
0,rrRZ2TubdRzkAksCwzHtvA,AZ,9
1,rrRZ2TubdRzkAksCwzHtvA,NV,2
0,rhAFpqcM4fQ7bj4W1ACdRA,AZ,7
0,4zrayXssmQnfX8yHEs-veQ,QC,4
0,_ireXTpAJwUchkC71J-qoQ,AB,3
1,_ireXTpAJwUchkC71J-qoQ,AZ,22
2,_ireXTpAJwUchkC71J-qoQ,OH,36
3,_ireXTpAJwUchkC71J-qoQ,PA,3
0,JwoMEL4XF5zBB9Auhj6VBQ,NV,43
0,EXx__0SOew8Is7CpFZ8DLA,AZ,1
1,EXx__0SOew8Is7CpFZ8DLA,NV,14
0,iuBatwXmE3Kdk97CmR_KMg,IL,1
0,bczUjT7jrfU7rzuuVsUsCw,AZ,21
0,9d3movyLJkI7I2LLInJRLQ,NV,3
0,7SZAVtiobewY6B6QcqNYyw,AZ,66
0,eAvJCtu_qa1iR8CTS6wz-w,AZ,10
1,eAvJCtu_qa1iR8CTS6wz-w,NC,5
0,QAhzCDCW8sqoDTw6rwhTWw,OH,2
0,wknsiGKIHaeKo3z5VHaPXQ,NV,6
0,aww_dtuumJH2FwxDnf-GXg,AZ,1
0,kR8PxLu2xEyq4PPPoKJ-Mg,PA,31
0,u3DmS2s7yqNKB1cOpAzqHQ,QC,9
0,rXT1HnjOQmcHcxqn0J5Qew,OH,1
0,-Qv5Azzhhd4b9pAl21iL8Q,NV,1
0,TK7208ZMWAERUUY2dEtD6w,AZ,141
1,TK7208ZMWAERUUY2dEtD6w,NV,2
0,k7kgzvQ8f7fQOOn64fWwJA,NV,1
0,VdkAX9khigCjpMGuMNWYMQ,AZ,1
1,VdkAX9khigCjpMGuMNWYMQ,NV,112
0,AEn5S3lU5_R_59UDmVDZTg,NV,1
0,RKcvUwivI0x3BG6DdyXPVw,NV,10
0,IZXnSMdOkVdFH-mw6zQBbA,NC,76
1,IZXnSMdOkVdFH-mw6zQBbA,SC,11
0,dnxHEQ7I2mV-yDP_V6GZnA,AZ,8
0,9HDAQKUk7twUDxdCHIiq-Q,NV,5
0,gvyYZgFdBbcT3xGjWOvZag,AZ,117
1,gvyYZgFdBbcT3xGjWOvZag,NV,5
2,gvyYZgFdBbcT3xGjWOvZag,PA,8
0,3HHLpfU7q4HoREEOXtt7pw,AZ,10
1,3HHLpfU7q4HoREEOXtt7pw,NV,21
0,CkM9FtxelvahpE9StyON3A,AZ,123
1,CkM9FtxelvahpE9StyON3A,NV,1
0,TPusr6U2B4zPhIgbCJrrxw,NV,4
0,WKYodE7epmib423A_NFITA,NV,2
0,OHVhLKw_uIE7saIt_S-udw,AZ,1
1,OHVhLKw_uIE7saIt_S-udw,NV,63
0,hPRxsxwK2pcscSv70t_KcA,NV,6
0,4hfETiyxeV_6O1zNIO8FhQ,NC,6
1,4hfETiyxeV_6O1zNIO8FhQ,NV,1
0,jVuyNd_1xknblSSBQYNAEw,NC,38
0,CM-LNVlZLpcAxhZkZLD_nQ,NV,2
0,jUZW1alRK8QvdZ-pH1OquQ,AZ,6
1,jUZW1alRK8QvdZ-pH1OquQ,NV,130
0,Zl6uyhgGrbqvNjfkhQMeGQ,AZ,2
0,syvwUKQJ4OYfmL_ixVLMeQ,NY,1
1,syvwUKQJ4OYfmL_ixVLMeQ,ON,9
2,syvwUKQJ4OYfmL_ixVLMeQ,QC,2
0,In171GIwZ4ZQqsba5cu9gw,NC,2
0,SFNTctsiX4EABPfuk9xB7Q,QC,2
0,AkkEXDdhBoqnbJyVjan38w,AZ,3
0,JWiQrqpegVmAfTM_A6_MOQ,AZ,2
1,JWiQrqpegVmAfTM_A6_MOQ,NV,1
0,LKItE_cB-CfyV9HOvkz2UQ,OH,1
0,DEf7B5g_RscGRrWWiYqJnA,NV,14
0,crKgi_QjBfkJcAuB0u01Yg,NV,6
0,Q3eM3xS_tWr56GrRDJO8Ag,NV,32
0,hCy4Kkyo4N0fFLMDpKjYyw,AZ,99
1,hCy4Kkyo4N0fFLMDpKjYyw,NV,48
0,vwEbudgP8gP0UcVgaFlwPQ,NV,9
0,-URAJU5BQAM2F1_SNna81g,NV,24
0,a7QBKnU1ygMoxFmJKoiR3g,AZ,6
0,hGxKMRt9f4drE10NUwsjGQ,PA,31
0,Sie_GuTDt_U0Z7hXIr7mFA,NV,9
0,wEqETrWwpsujK2r8ZueOFw,AZ,1
1,wEqETrWwpsujK2r8ZueOFw,NV,7
0,SQOOovfWX7GGmDkHl-FzGQ,AZ,2
1,SQOOovfWX7GGmDkHl-FzGQ,NV,26
0,W7DHyQlY_kXls2iXt-_2Ag,AZ,9
1,W7DHyQlY_kXls2iXt-_2Ag,NV,34
0,LBt3_bXL0nEUhQZPkYr6yQ,AZ,1
1,LBt3_bXL0nEUhQZPkYr6yQ,NV,4
0,WMLaiOmjm-Y8EUWZ_edJlA,AZ,7
1,WMLaiOmjm-Y8EUWZ_edJlA,NV,2
0,NZOTHK7fVn_4L966mk25EQ,AZ,1
1,NZOTHK7fVn_4L966mk25EQ,NV,4
0,NeXRy1C7PxS7bvIcQ3SymA,NC,1
1,NeXRy1C7PxS7bvIcQ3SymA,NV,29
0,JCapJcvST-rREaLEvNRMcQ,AZ,36
1,JCapJcvST-rREaLEvNRMcQ,NV,3
0,-oKpcbPXwRW6OZeZc84JxQ,AZ,15
0,g7Uoydq8ClIEmWPryCMUag,AZ,1
1,g7Uoydq8ClIEmWPryCMUag,NC,11
2,g7Uoydq8ClIEmWPryCMUag,WI,3
0,ftuBZRbMZw8wufWBZYR5_Q,NV,1
0,I4eTqRHq93iElqq4f5istw,NV,11
0,k2Y_QpYETerr951LOf3i8g,NV,1
0,OhsCg_yTTSUiRvkTGiPyog,NC,92
1,OhsCg_yTTSUiRvkTGiPyog,SC,1
0,604vXbJUsR5glg15zbFe1Q,NV,9
0,s-H84tql4sCDcvLfkaWbMQ,NV,1
0,-_r4ZyQ_gPebwuMTATsthg,NV,3
0,lLP9lRTrk6-exFMvOlLIGA,AZ,4
0,7iF-6RIVvUfk_ibomp5Xig,NC,2
1,7iF-6RIVvUfk_ibomp5Xig,NV,8
0,XEfci56jGpDmnMr5FM9UKw,NV,18
1,XEfci56jGpDmnMr5FM9UKw,TX,1
0,GG_tjDrNYyGGlSVDbd_zmQ,AZ,5
0,wYHvOJztGWZ73Dvyox9vPw,AZ,45
1,wYHvOJztGWZ73Dvyox9vPw,NV,1
0,0BgfM31IUh0DjBfaMe6uMg,NC,17
1,0BgfM31IUh0DjBfaMe6uMg,OH,2
0,_FccFskO8grJYC9GgaVJhQ,AZ,5
0,Jl7wukjs3Y0WSQOQQ1vkgw,NV,5
1,Jl7wukjs3Y0WSQOQQ1vkgw,OH,1
2,Jl7wukjs3Y0WSQOQQ1vkgw,ON,2
0,edV_IqWqz5KVSGLrsru5EQ,AZ,2
0,_zY7-LJE3YZQ958Wf6Wxgg,NV,4
0,Iwk9VQ0rK15gFZRhSVSICQ,AZ,1
0,k0_iJys8a5Z_qCggcE8X7w,AZ,4
1,k0_iJys8a5Z_qCggcE8X7w,NV,8
0,NDhDMKqSiBc0L06jKlFnmg,NC,1
1,NDhDMKqSiBc0L06jKlFnmg,NV,27
2,NDhDMKqSiBc0L06jKlFnmg,ON,3
3,NDhDMKqSiBc0L06jKlFnmg,QC,35
0,clRCbMJ5LGMYGzVi_n5iPg,AZ,1
0,1yf-PScjXs9mdagubKpBNQ,PA,9
0,LON0g3hLfwPvd5Ms7nxSJw,NV,2
0,rj8kIy3m-Y_UTUnfN2vgVQ,NV,10
0,DIadC2ztwyyFsjekVEbSUw,NV,17
0,86RJ2VAQoUypqdf7ZEpEXg,NV,174
0,62jNg_kHySZZpKKVHBNUcQ,NV,3
0,xdWys8NOYrpzIsLCfXWZVQ,ON,18
0,jsBkZwsQ_ywGGAP4Z9wpMg,AZ,5
0,UZtdtZXs-2JIak_ng48ZAQ,NV,1
0,XxbZVX09lwA3J0yG6-JSZQ,NV,10
0,2MbKqqyCbh5VlwbsIYq5Cw,NV,9
0,UVg9-TVTipQuyHXPkaTJuA,NV,9
0,hYWwocw-J4KdyGLrUlOYXA,AZ,1
1,hYWwocw-J4KdyGLrUlOYXA,NV,37
0,ncvgNeEsAIAuMWYFN2blhg,AZ,3
1,ncvgNeEsAIAuMWYFN2blhg,NV,9
0,GbRMUqyFWqnoLulkrDXVCA,NV,1
0,eb_qEtuhI3qVTPKaxwQ0ow,NV,5
0,k0hZPaZjS1y8A-gxGjWsQQ,NV,7
1,k0hZPaZjS1y8A-gxGjWsQQ,ON,42
2,k0hZPaZjS1y8A-gxGjWsQQ,QC,5
0,8Jm9fFWM9rVH-jylv3tYDg,NV,25
0,BuPTRJUk6jRlngmjms-kAw,AZ,1
0,NXUYqamg1hKTGfAwVrdgcQ,AZ,25
1,NXUYqamg1hKTGfAwVrdgcQ,NC,1
2,NXUYqamg1hKTGfAwVrdgcQ,NV,7
3,NXUYqamg1hKTGfAwVrdgcQ,PA,5
0,KPaPsdQRMsqRirSXgxWjAw,OH,1
1,KPaPsdQRMsqRirSXgxWjAw,PA,1
0,dWLdQjvlpNrOREiaO1SWFQ,AZ,59
1,dWLdQjvlpNrOREiaO1SWFQ,NV,6
0,FIYkwZ_OCj5h57wbHnuBrw,AZ,1
1,FIYkwZ_OCj5h57wbHnuBrw,NV,13
0,Ptr5SI7JVvbxoEUsWjOU3Q,AZ,20
1,Ptr5SI7JVvbxoEUsWjOU3Q,NV,2
0,yFqO3NGu5xHOo20Xs4JUjg,AZ,4
1,yFqO3NGu5xHOo20Xs4JUjg,NC,15
2,yFqO3NGu5xHOo20Xs4JUjg,NV,13
0,cZ16H_Fc3s2-2AYrs-LEJg,NV,51
0,aAOx-FvLpDvA8uJsts3ERQ,AZ,14
0,yD1aRxezQ8XjrKogEfuShw,AZ,10
1,yD1aRxezQ8XjrKogEfuShw,NV,27
2,yD1aRxezQ8XjrKogEfuShw,ON,2
0,jbiI4WJrvhE0ia0mEKvz-g,ON,74
0,TfKRp73rhUhkcLL7sizjYg,AZ,74
1,TfKRp73rhUhkcLL7sizjYg,NV,1
0,XT2PFiGrgNwB5ZmgbJlelw,AZ,74
0,MFGDwMQJijNc0mHv1s_BUQ,AZ,93
1,MFGDwMQJijNc0mHv1s_BUQ,NV,1
0,fct5IrXggFcrXFAZXs6coQ,AZ,3
1,fct5IrXggFcrXFAZXs6coQ,NV,9
0,LAPtCqwKRhCZxU7Lno_rRw,NC,12
0,iBShwZ_EeYJh37BFGlHnUA,NV,3
0,2gsSW1QOGB0tij-Tn0N39w,AZ,3
0,V0b6qQt_mF21xg_--BFw5Q,ON,6
0,X_2WR0EHCNhw-yZZLsTrJg,NV,9
0,_dy1UXsoPG5Zq4Fhwm4GBg,NV,7
0,HaXys2j9ynhzpz5HpJ0NNg,NV,10
0,iqrbSV3HpFeQFkH0lJp5pA,AZ,1
0,qah3--l1onnM6sX4xQ1NHA,AZ,13
0,Nf_Jw_W_CwOz5WJ7ApSMxg,NV,66
0,djxnI8Ux8ZYQJhiOQkrRhA,AB,2
1,djxnI8Ux8ZYQJhiOQkrRhA,AZ,10
2,djxnI8Ux8ZYQJhiOQkrRhA,NV,43
3,djxnI8Ux8ZYQJhiOQkrRhA,ON,4
4,djxnI8Ux8ZYQJhiOQkrRhA,QC,3
0,AKzaA_m2TwgNXil2ytjNqQ,NV,1
0,H4HPzkK0pCJ3vQqZccPrag,NV,22
0,J18ol0RI1TuyqGKFZJfh3w,NV,19
0,NJ_RnJxIItX7HY-vurdBbQ,NV,1
0,dvqgxx4hFcfraHvhddzOXA,NV,11
0,uF0pe17LMRs443RtRbICQw,OH,1
0,eO1ZCFWJCZcETr9dfSydRg,AZ,5
1,eO1ZCFWJCZcETr9dfSydRg,NV,37
0,GPASJQMtRKQ5kxlXK29UjQ,ON,64
0,cXOKF_ySM9ps2vBhMOkcvw,AB,38
1,cXOKF_ySM9ps2vBhMOkcvw,NV,1
2,cXOKF_ySM9ps2vBhMOkcvw,ON,1
3,cXOKF_ySM9ps2vBhMOkcvw,QC,1
0,61vQJSnhppMOCEIpmqAY0g,NC,20
1,61vQJSnhppMOCEIpmqAY0g,SC,1
0,wLh4YepDaBzQ1JMrj5fDzQ,NV,14
0,6XVsgKzY4-04u9QthFZF0Q,NV,18
0,u79JLmKzua7wxGxs1Q3Qkg,AZ,3
1,u79JLmKzua7wxGxs1Q3Qkg,NV,5
0,5R8S2k94FIcAeRffp4Vmqg,NV,1
0,KDmKGKWf978gT1rwSYFO8A,NV,1
0,7MqhUPjIj5m4ojOhuvMCDw,ON,1
0,3JhPdrOjHoj1ds7bO4wFzg,AZ,3
0,_siniUb8CoN9of4mhAtj_g,NC,47
1,_siniUb8CoN9of4mhAtj_g,SC,2
0,taU-uxYwYs3nywMkVm3ELQ,QC,1
0,u6wFKvEPzWIwc1Rbr639Qw,NC,9
0,lxvVnNWEqR4bV5ZGuQiRkw,NV,4
0,47r-Fhx0yxQt152a0wQ-hQ,AZ,2
0,OdcUDgb0-oDSMvHetOSX-w,NV,9
0,jth3c4A8Cydc_Fp67aByEw,NV,12
0,oPCtHBUBx60qptwy_EQ8zw,ON,25
0,wgHQxJgSm8TF9NgDjbq6VQ,NV,5
0,i_1vWPbw-x2XkJMrgmwwOg,NV,6
0,5bT16QvBp6t33vIfqtJahg,NV,89
0,vomIEH9MAenOcvoXvH7kRA,NV,3
0,hE9FCBh0BPd2hEhTMNFp3A,AZ,33
0,nlFiF0gCM9Tet3D-EYrH5A,NV,46
0,m9N3bBRLAxRJU_7F6aWOmA,NV,8
0,9d0ryqJoLY-WlbF6vHGZvA,OH,1
0,vNToltF1f4NLPRNHH4DEbg,ON,29
1,vNToltF1f4NLPRNHH4DEbg,QC,6
0,W_PbzHObtYF4OKb0s_yaCg,PA,1
0,VFr6lODPXmakSm4BFebKww,NV,42
0,Nlgl2CCKf83BhwEwCbmO3Q,ON,25
1,Nlgl2CCKf83BhwEwCbmO3Q,QC,1
0,Q9mA60HnY87C1TW5kjAZ6Q,AB,1
1,Q9mA60HnY87C1TW5kjAZ6Q,ON,590
2,Q9mA60HnY87C1TW5kjAZ6Q,PA,2
3,Q9mA60HnY87C1TW5kjAZ6Q,QC,9
0,V9GFCn2W3OqF95991iphEg,NV,1
0,x3i1zNsZh9XmcG8WHYCTvA,NV,4
0,xsWKadhAvkmbZpE6MaRF4w,AZ,6
0,KOWl_ZhqhYqY33-CbaJubw,NV,35
0,oYNaHHiWCtv7P1_6NE-H0g,NV,1
0,xiPHcm7h8roVUO8ShsMuRw,AZ,3
0,sYQyXDjGaJj7wfaqz5u8KQ,AZ,325
0,GkoESM9G3qJC3PTLgCif8A,NV,42
0,0HdTa-MiPaoeEfM8RK63kA,NV,22
0,Ouuk2MRqDgHDpN71t0w9xA,NV,13
0,3FjdHwnoz-vfw6hBBtckqg,NV,3
1,3FjdHwnoz-vfw6hBBtckqg,OH,3
2,3FjdHwnoz-vfw6hBBtckqg,PA,91
0,k7p58cWIFFjDUxQodo7W_Q,AZ,2
0,mR2P6XpEdbp0EjNsic721Q,PA,25
0,JmfMk-wwdpnsDxjoklZ6PA,NV,10
0,CLmvJN5a3l9KutC-nF6LzA,NV,3
0,ALRot_rgv3j0Y_hbuAa5yw,NV,15
0,hfBr9kOgp3cAhppZRBaReQ,AZ,15
0,k5s8D5kSSNFxHQLzfxWJeA,ON,8
0,huUq7cTpNnKbt8kQENu4aQ,AZ,6
1,huUq7cTpNnKbt8kQENu4aQ,NV,4
0,XbWP6vAli3waJ0iR_lcjOg,NV,1
1,XbWP6vAli3waJ0iR_lcjOg,ON,85
0,NIcmtzlO9OwwMXTSf-7LiA,NV,1
1,NIcmtzlO9OwwMXTSf-7LiA,OH,1
0,crcCcK4NDDvKhiRz4OeoZw,AZ,1
0,gJm0HnCtVPTj3GKCEGAsIQ,ON,36
1,gJm0HnCtVPTj3GKCEGAsIQ,QC,4
0,0EigY2IT-Boxz4tFj-P1Zg,AZ,60
1,0EigY2IT-Boxz4tFj-P1Zg,NV,8
0,BvDI3EUPf1yJQJh-P7Uqjg,AZ,50
0,DpUTP6FFCmRwRGo9A_MGHA,AZ,4
0,s5hemOR2IxcW-0MYA6hGug,AB,5
1,s5hemOR2IxcW-0MYA6hGug,ON,85
2,s5hemOR2IxcW-0MYA6hGug,QC,4
0,8xev0Avovx_jp7LEw8JqvA,NV,19
1,8xev0Avovx_jp7LEw8JqvA,ON,5
0,atLaTfIk1efrcO71SEixJw,NV,12
0,g33VwqpRaQgU4dONyZXO6Q,NV,11
0,5ZhwDuvwhghCYFKTrH_kDA,NV,6
0,TDOVp-BzKusKbNB5myoDeQ,IL,17
1,TDOVp-BzKusKbNB5myoDeQ,NV,1
2,TDOVp-BzKusKbNB5myoDeQ,QC,1
0,yT4HTTqjyg77n5k8-0BYmw,NV,2
0,dwmUKBXnTCDuewkCb7QooA,AZ,3
1,dwmUKBXnTCDuewkCb7QooA,NV,23
0,Nwh2hihkEwum289l_WdQUg,NV,35
0,lMAeHqAsdvgV6KFz53e1Dw,NV,1
0,BBU1yxERjkJlMqdzWOqWPg,NV,1
0,r3ov7FgibBx41_W74I1KiA,AZ,5
1,r3ov7FgibBx41_W74I1KiA,NV,9
2,r3ov7FgibBx41_W74I1KiA,OH,2
3,r3ov7FgibBx41_W74I1KiA,PA,2
0,-N0IdkXltVc6Ks9wx3d3GA,AZ,1
0,kHV7bsZgRSyNDdPIfwF3_A,NV,2
0,HNsPd1ieGqZ3lvpjDhcd3A,ON,51
0,G6VespdVV3R4XInKgFDMDw,AB,1
1,G6VespdVV3R4XInKgFDMDw,NV,11
0,cek_1lxcWUmOkVBtYMbQ-w,IL,48
0,52oH4DrRvzzl8wh5UXyU0A,AZ,2
1,52oH4DrRvzzl8wh5UXyU0A,NV,1
0,co64BGDz5U4i-VOwhJgn5Q,AZ,78
1,co64BGDz5U4i-VOwhJgn5Q,NV,32
0,TPBznx2-LOjYvn1-cwK-Yw,AZ,5
1,TPBznx2-LOjYvn1-cwK-Yw,NV,6
0,wsv4eiRRog12yKSUwrl2TQ,NV,9
1,wsv4eiRRog12yKSUwrl2TQ,PA,1
0,RjMBxbU-W69Ig2ZR1M9w1g,IL,10
0,jjaSLV7FSK-T2uS06Laztg,AZ,3
0,BjtJ3VkMOxV2Lan037AFuw,NV,6
1,BjtJ3VkMOxV2Lan037AFuw,OH,23
2,BjtJ3VkMOxV2Lan037AFuw,PA,175
0,CtITdFHWadagdOCn0sIJAw,NC,1
1,CtITdFHWadagdOCn0sIJAw,NV,3
2,CtITdFHWadagdOCn0sIJAw,QC,4
0,_wRTBeEpjXvH6oSl2dMhLA,AZ,1
1,_wRTBeEpjXvH6oSl2dMhLA,NV,4
0,Bt5icFzn8PFE10Nqq04LhA,NV,6
0,M62VYFSMZdiiRl1CsUolxQ,AZ,5
1,M62VYFSMZdiiRl1CsUolxQ,NV,1
0,5w-AqylutSGAF01sKm_wZA,NV,6
0,p_2daiuEk774FFHsKrCAlg,AB,1
1,p_2daiuEk774FFHsKrCAlg,AZ,21
2,p_2daiuEk774FFHsKrCAlg,NV,37
0,uCHi-qeQXR4lYyCFPWQdZw,NV,5
0,wky4BZxCELi4PZcvb11qYQ,ON,96
0,dMtkqy7SpggEFAGFkCbyDQ,AZ,3
0,biE9owolIZ5Wf2k5wTB5Tw,NV,2
0,nshZ4M7aUkkJ396k75lvUQ,AZ,12
0,P9yweXls2Pg-EMipYr45XA,NV,71
1,P9yweXls2Pg-EMipYr45XA,TX,1
0,xJxtHt9Rvdy75EMvVtcN9g,NC,5
1,xJxtHt9Rvdy75EMvVtcN9g,NV,20
2,xJxtHt9Rvdy75EMvVtcN9g,OH,1
3,xJxtHt9Rvdy75EMvVtcN9g,ON,5
0,7XtjpwvWhYd08c6qF-YyAA,NV,22
0,QD4V4KfC7QfNIrvce0fHhA,NV,7
0,HLY9oDcVBH9D25lU4X_V5Q,NV,46
0,bf9IQYcUhIsPapOt6g1WpQ,NV,2
1,bf9IQYcUhIsPapOt6g1WpQ,QC,1
0,NvUeb5G_mSSxgKhEE_Hueg,AZ,2
1,NvUeb5G_mSSxgKhEE_Hueg,NC,21
2,NvUeb5G_mSSxgKhEE_Hueg,NV,7
3,NvUeb5G_mSSxgKhEE_Hueg,SC,2
0,WPBrjBbk76ZtZQ8QpG09cQ,NV,2
1,WPBrjBbk76ZtZQ8QpG09cQ,ON,6
0,MPI1jeBLEaYlfOp1IM33Ww,NV,7
0,Gh7a3aAOlB2zMRocFzGEZg,NV,5
0,p5jZLJ6IHRsdWyqdd_X1xg,NV,41
1,p5jZLJ6IHRsdWyqdd_X1xg,QC,1
0,qyd1tu-uGmtjKfk0ZKLwdg,NV,2
0,6rRXB2efcs8gAeNF-lYfOg,AZ,8
0,DvdVXZuixUz7651_hrGmEg,AZ,31
0,dWhzWZWbneJO_7rRQDXbng,NV,2
0,7kmPZogSiXwCXo8Z7NMGlA,AZ,3
0,bAJdjGICfzWf35_YoEEzfQ,OH,1
0,jtM-lajwSwW65wJRaMuFxg,NV,15
0,WuNIwTjNPZYdBssTfvDQ3Q,AZ,14
0,KY6wELK--v1TdJVMhoYDqw,NV,1
0,31OJfBoBXGDfK1LK72q_Qg,NV,13
0,0QeJC2inz6P-OVzROU_LNw,NV,19
0,jJlYRJXPdIolKbuqGiZ-CQ,AZ,7
1,jJlYRJXPdIolKbuqGiZ-CQ,NV,6
0,jQlrCll7ygS1ZS1vyEi94A,NV,10
0,DyQpYGALYV-WmKfb5rThGw,NV,20
0,an-ijVpGQxgiOBX9qTBOyQ,AZ,136
1,an-ijVpGQxgiOBX9qTBOyQ,NV,7
0,nDvmtMpjBrPKsKapv8xznQ,NV,13
0,JW6FYufSeGxUxKKou4CP6g,ON,1
0,bvZ8KK6UiX_Z0d2bWPnU1w,NV,6
0,hjs3HMhS45ZCLk5TLBOl2A,AZ,9
1,hjs3HMhS45ZCLk5TLBOl2A,NV,1
0,6JehEvdoCvZPJ_XIxnzIIw,AZ,18
1,6JehEvdoCvZPJ_XIxnzIIw,NV,14
0,1BshH8l8kT2noxxtKvE6Yw,AZ,23
0,1zdgpyxvlzWL-sQ37y28yw,NV,6
0,ET8KJ4oVNw-wAsGr89OylQ,OH,3
0,8a0GHVSVs3rSRtNIIR4rlw,NV,32
0,418F_vnEiJMlU-sKpGttHA,NC,1
1,418F_vnEiJMlU-sKpGttHA,NV,7
0,5eOKpOYoo8TlofXJIWdn3Q,PA,6
0,jFstakj1H7l3zuVESp0Ygw,AZ,5
1,jFstakj1H7l3zuVESp0Ygw,NV,63
0,NfGskTbX1ZAmCrpvVr51Nw,OH,4
0,NrtGj11UQ5PVms7hLW8fRQ,NV,1
0,3H2VbXZ8upvCFncbi5xTcg,NV,14
0,nzsv-p1O8gCfP3XijfQrIw,NV,82
1,nzsv-p1O8gCfP3XijfQrIw,ON,2
2,nzsv-p1O8gCfP3XijfQrIw,PA,1
0,NNL1zLTP2J_SOputgoPYeQ,NC,1
1,NNL1zLTP2J_SOputgoPYeQ,NV,2
2,NNL1zLTP2J_SOputgoPYeQ,OH,2
3,NNL1zLTP2J_SOputgoPYeQ,ON,8
4,NNL1zLTP2J_SOputgoPYeQ,PA,10
0,p1F0HCgAggNfneVlFofTkA,ON,73
0,Fv0e9RIV9jw5TX3ctA1WbA,NV,390
1,Fv0e9RIV9jw5TX3ctA1WbA,TX,1
0,jwvmw22-y4eMq2rzi0wAeQ,NV,32
0,mQhIOJrJiutmvpS1KWnZlg,NV,10
0,Ano5NY-bhFwGD8X98B8IsQ,AZ,24
0,NOmAy-MwUgr_v8dwKBAJNw,NV,3
0,MKfwpzukUoCI3onD6-euhA,AZ,5
0,Zj2lU17A18JQ-R92RYEFAA,AZ,2
0,QCtHk02W_Asu2LFfdmGQDA,NV,283
1,QCtHk02W_Asu2LFfdmGQDA,TX,1
0,tjTrsF-CpDnTcclX-3sCTw,AZ,1
1,tjTrsF-CpDnTcclX-3sCTw,OH,5
2,tjTrsF-CpDnTcclX-3sCTw,ON,149
3,tjTrsF-CpDnTcclX-3sCTw,QC,6
0,yViMmyZcyCtBa8D7uGryaQ,ON,8
0,yiil_yUI80L7LyfgTZoRmw,NV,5
0,Dr5Ur42YH2oxGIGNY6ylkA,NC,11
1,Dr5Ur42YH2oxGIGNY6ylkA,SC,1
0,MuLPdU0GYhdGWV71PTJW-Q,AZ,2
1,MuLPdU0GYhdGWV71PTJW-Q,NV,36
2,MuLPdU0GYhdGWV71PTJW-Q,OH,1
0,QFM0EhXzNgxCHeZRXuTSgA,AZ,6
0,vr6HJebOzLuzE9BH1ahntQ,AZ,18
0,PzAw8kMWj7Wxy7SNe0ykzw,AZ,4
0,Qb8sDTzr54wRtT9hm1ZBCg,NV,41
1,Qb8sDTzr54wRtT9hm1ZBCg,ON,11
0,31dXEdVdUTKhMdCRC4WYlw,NV,32
0,TU8NsFvjzLqkI87QQqkJPw,NV,3
1,TU8NsFvjzLqkI87QQqkJPw,QC,4
0,Wy7y_Tc6nfJCnR_oJ_4X2w,AZ,11
0,XmjYrNgzdbHQAiz2RF_8gw,NV,11
0,Mc-28MJn3ZfvaX1A3NaKwA,AZ,40
1,Mc-28MJn3ZfvaX1A3NaKwA,IL,1
2,Mc-28MJn3ZfvaX1A3NaKwA,NV,1
3,Mc-28MJn3ZfvaX1A3NaKwA,PA,1
0,lnFmn6s1vPWKL6rOmQktnA,NC,5
0,1YOOGLQpSMYsZOdXOrObfA,NC,2
0,x7uiR4x0ZlK6SIQDz3S9OQ,AZ,45
0,tSQHIiRSwgshmp5xvQIp_Q,NV,4
0,OAjdl9eHjW1-415FTbPbHg,NV,6
0,g8fcV5MNzxDEeoBjYTxyCw,ON,3
0,qndvgl-AXAJkBcWayh8KRQ,QC,4
0,09GIATtWI8WE4r-BuiW5Bg,NC,3
0,5wMncjF5A-NCl_Ohl6OqZw,NC,1
0,NaWSRaSwF8moJVT19tlZbg,OH,83
0,4r_4feU3sXI4K-U-T1pPdw,AB,1
1,4r_4feU3sXI4K-U-T1pPdw,NV,8
0,tvZKPah2u9G9dFBg5GT0eg,NV,7
0,gtEjMgcW74ZcG0zzMctmKg,NV,80
0,MA4V6Yal7VAqj7C3-kn3EQ,NV,1
0,wOGfOjBaP-lCS1NW_En2LQ,NV,155
0,yMBD4D9UZlHzRAwyHuz6Kg,NV,1
0,6iNK8f0Y10Uy-bZjkGYU5Q,AZ,18
1,6iNK8f0Y10Uy-bZjkGYU5Q,NV,3
0,LTjtaa2tuAYWv17a93PVsA,AZ,18
1,LTjtaa2tuAYWv17a93PVsA,NV,8
0,CstjZmdx0bi43ToYCbHpgw,NV,3
0,pznDHVHsO1ZbsG7f4TaNRA,NC,29
1,pznDHVHsO1ZbsG7f4TaNRA,NV,2
2,pznDHVHsO1ZbsG7f4TaNRA,OH,1
3,pznDHVHsO1ZbsG7f4TaNRA,QC,5
0,0XXIv9a0LWiaCjAkurjMMQ,AZ,1
1,0XXIv9a0LWiaCjAkurjMMQ,NV,5
